"NP_001009950","amino acid","","AAAP","The Amino Acid/Auxin Permease (AAAP) Family","Secondary Transporter","2.A.18"
"NP_001028565","amino acid","","AAAP","The Amino Acid/Auxin Permease (AAAP) Family","Secondary Transporter","2.A.18"
"NP_033534","vesicular inhibitory amino acid (GABA/glycine)","","AAAP","The Amino Acid/Auxin Permease (AAAP) Family","Secondary Transporter","2.A.18"
"NP_076294","neutral amino acid","","AAAP","The Amino Acid/Auxin Permease (AAAP) Family","Secondary Transporter","2.A.18"
"NP_077211","amino acid","","AAAP","The Amino Acid/Auxin Permease (AAAP) Family","Secondary Transporter","2.A.18"
"NP_081328","neutral amino acid","","AAAP","The Amino Acid/Auxin Permease (AAAP) Family","Secondary Transporter","2.A.18"
"NP_598847","neutral amino acid","","AAAP","The Amino Acid/Auxin Permease (AAAP) Family","Secondary Transporter","2.A.18"
"NP_694779","amino acid","","AAAP","The Amino Acid/Auxin Permease (AAAP) Family","Secondary Transporter","2.A.18"
"NP_694810","amino acid","","AAAP","The Amino Acid/Auxin Permease (AAAP) Family","Secondary Transporter","2.A.18"
"NP_758462","amino acid","","AAAP","The Amino Acid/Auxin Permease (AAAP) Family","Secondary Transporter","2.A.18"
"NP_758493","amino acid","","AAAP","The Amino Acid/Auxin Permease (AAAP) Family","Secondary Transporter","2.A.18"
"NP_766067","neutral amino acid","","AAAP","The Amino Acid/Auxin Permease (AAAP) Family","Secondary Transporter","2.A.18"
"NP_766346","amino acid","","AAAP","The Amino Acid/Auxin Permease (AAAP) Family","Secondary Transporter","2.A.18"
"NP_780330","neutral amino acid","","AAAP","The Amino Acid/Auxin Permease (AAAP) Family","Secondary Transporter","2.A.18"
"NP_796048","amino acid","","AAAP","The Amino Acid/Auxin Permease (AAAP) Family","Secondary Transporter","2.A.18"
"NP_848861","amino acid","","AAAP","The Amino Acid/Auxin Permease (AAAP) Family","Secondary Transporter","2.A.18"
"XP_001474431","vesicular inhibitory amino acid (GABA/glycine)","","AAAP","The Amino Acid/Auxin Permease (AAAP) Family","Secondary Transporter","2.A.18"
"XP_921985","amino acid","","AAAP","The Amino Acid/Auxin Permease (AAAP) Family","Secondary Transporter","2.A.18"
"XP_988301","amino acid","","AAAP","The Amino Acid/Auxin Permease (AAAP) Family","Secondary Transporter","2.A.18"
"NP_001028442","sodium ion/bicarbonate anion symporter","","AE","The Anion Exchanger (AE) Family","Secondary Transporter","2.A.31"
"NP_001074631","chloride/bicarbonate anion exchange","","AE","The Anion Exchanger (AE) Family","Secondary Transporter","2.A.31"
"NP_033233","chloride/bicarbonate anion exchange","","AE","The Anion Exchanger (AE) Family","Secondary Transporter","2.A.31"
"NP_033234","chloride/bicarbonate anion exchange","","AE","The Anion Exchanger (AE) Family","Secondary Transporter","2.A.31"
"NP_035533","chloride/bicarbonate anion exchange","","AE","The Anion Exchanger (AE) Family","Secondary Transporter","2.A.31"
"NP_061230","sodium ion/bicarbonate anion symporter","","AE","The Anion Exchanger (AE) Family","Secondary Transporter","2.A.31"
"NP_067505","sodium ion/bicarbonate anion symporter","","AE","The Anion Exchanger (AE) Family","Secondary Transporter","2.A.31"
"NP_291030","sodium ion/bicarbonate anion symporter","","AE","The Anion Exchanger (AE) Family","Secondary Transporter","2.A.31"
"NP_766418","chloride/bicarbonate anion exchange","","AE","The Anion Exchanger (AE) Family","Secondary Transporter","2.A.31"
"XP_893151","sodium ion/bicarbonate anion symporter","","AE","The Anion Exchanger (AE) Family","Secondary Transporter","2.A.31"
"XP_918239","sodium ion/bicarbonate anion symporter","","AE","The Anion Exchanger (AE) Family","Secondary Transporter","2.A.31"
"NP_001004153","cationic amino acid transporter 5","","APC","The Amino Acid-Polyamine-Organocation (APC) Family","Secondary Transporter","2.A.3"
"NP_001033749","aromatic-preferring amino acid transporter","","APC","The Amino Acid-Polyamine-Organocation (APC) Family","Secondary Transporter","2.A.3"
"NP_808470","aromatic-preferring amino acid transporter","","APC","The Amino Acid-Polyamine-Organocation (APC) Family","Secondary Transporter","2.A.3"
"NP_001038205","low affinity cationic amino acid transporter 2 (CAT-2)","","APC","The Amino Acid-Polyamine-Organocation (APC) Family","Secondary Transporter","2.A.3"
"NP_031540","low affinity cationic amino acid transporter 2 (CAT-2)","","APC","The Amino Acid-Polyamine-Organocation (APC) Family","Secondary Transporter","2.A.3"
"NP_031539","high affinity cationic amino acid transporter 1","","APC","The Amino Acid-Polyamine-Organocation (APC) Family","Secondary Transporter","2.A.3"
"NP_031541","high-affinity cationic amino acid transporter-1 (CAT-1)","","APC","The Amino Acid-Polyamine-Organocation (APC) Family","Secondary Transporter","2.A.3"
"NP_035534","large neutral amino acids transporter small subunit 1","","APC","The Amino Acid-Polyamine-Organocation (APC) Family","Secondary Transporter","2.A.3"
"NP_035535","Y+L amino acid transporter 1","","APC","The Amino Acid-Polyamine-Organocation (APC) Family","Secondary Transporter","2.A.3"
"NP_036120","cystine/glutamate antiporter","","APC","The Amino Acid-Polyamine-Organocation (APC) Family","Secondary Transporter","2.A.3"
"NP_058668","large neutral amino acids transporter small subunit 2","","APC","The Amino Acid-Polyamine-Organocation (APC) Family","Secondary Transporter","2.A.3"
"NP_059090","Asc-type amino acid transporter 1 (Asc-1)","","APC","The Amino Acid-Polyamine-Organocation (APC) Family","Secondary Transporter","2.A.3"
"NP_067266","B(0+)-type amino acid transporter 1","","APC","The Amino Acid-Polyamine-Organocation (APC) Family","Secondary Transporter","2.A.3"
"NP_083022","sodium ion:aspartate/glutamate symporter","","APC","The Amino Acid-Polyamine-Organocation (APC) Family","Secondary Transporter","2.A.3"
"NP_543128","cationic amino acid transporter y+ system","","APC","The Amino Acid-Polyamine-Organocation (APC) Family","Secondary Transporter","2.A.3"
"NP_659101","cationic amino acid transporter 4 (CAT-4)","","APC","The Amino Acid-Polyamine-Organocation (APC) Family","Secondary Transporter","2.A.3"
"NP_766449","cationic amino acid","","APC","The Amino Acid-Polyamine-Organocation (APC) Family","Secondary Transporter","2.A.3"
"NP_848913","cationic amino acid transporter y+ system","","APC","The Amino Acid-Polyamine-Organocation (APC) Family","Secondary Transporter","2.A.3"
"XP_001478376","large neutral amino acids transporter small subunit 1","","APC","The Amino Acid-Polyamine-Organocation (APC) Family","Secondary Transporter","2.A.3"
"XP_891737","cationic amino acid transporter y+ system","","APC","The Amino Acid-Polyamine-Organocation (APC) Family","Secondary Transporter","2.A.3"
"NP_068679","P-protein homolog (tyrosine transporter)","","ArsB","The Arsenite-Antimonite (ArsB) Efflux Family","Secondary Transporter","2.A.45"
"NP_001010834","sodium ion:bile acid symporter 5","","BASS","The Bile Acid:Na+ Symporter (BASS) Family","Secondary Transporter","2.A.28"
"NP_001019318","sodium ion:bile acid symporter 4","","BASS","The Bile Acid:Na+ Symporter (BASS) Family","Secondary Transporter","2.A.28"
"NP_035517","sodium ion:bile acid symporter","","BASS","The Bile Acid:Na+ Symporter (BASS) Family","Secondary Transporter","2.A.28"
"NP_035518","sodium ion:bile acid symporter","","BASS","The Bile Acid:Na+ Symporter (BASS) Family","Secondary Transporter","2.A.28"
"NP_083691","sodium ion:bile acid symporter","","BASS","The Bile Acid:Na+ Symporter (BASS) Family","Secondary Transporter","2.A.28"
"NP_084012","sodium ion:bile acid symporter 7","","BASS","The Bile Acid:Na+ Symporter (BASS) Family","Secondary Transporter","2.A.28"
"NP_663381","sodium ion:bile acid symporter","","BASS","The Bile Acid:Na+ Symporter (BASS) Family","Secondary Transporter","2.A.28"
"NP_775579","sodium ion:bile acid symporter 4","","BASS","The Bile Acid:Na+ Symporter (BASS) Family","Secondary Transporter","2.A.28"
"XP_001474668","sodium ion:bile acid symporter","","BASS","The Bile Acid:Na+ Symporter (BASS) Family","Secondary Transporter","2.A.28"
"NP_035536","sodium:calcium ion antiporter 1","","CaCA","The Ca2+:Cation Antiporter (CaCA) Family","Secondary Transporter","2.A.19"
"NP_444425","sodium ion:calcium ion+potassium ion antiporter 3","","CaCA","The Ca2+:Cation Antiporter (CaCA) Family","Secondary Transporter","2.A.19"
"NP_536688","sodium ion:calcium ion antiporter 3","","CaCA","The Ca2+:Cation Antiporter (CaCA) Family","Secondary Transporter","2.A.19"
"NP_573484","sodium ion:calcium ion+potassium ion antiporter 6","","CaCA","The Ca2+:Cation Antiporter (CaCA) Family","Secondary Transporter","2.A.19"
"NP_659062","sodium ion:calcium ion+potassium ion antiporter 1","","CaCA","The Ca2+:Cation Antiporter (CaCA) Family","Secondary Transporter","2.A.19"
"NP_683748","sodium ion:calcium ion antiporter 2","","CaCA","The Ca2+:Cation Antiporter (CaCA) Family","Secondary Transporter","2.A.19"
"NP_742164","sodium ion:calcium ion+potassium ion antiporter 4","","CaCA","The Ca2+:Cation Antiporter (CaCA) Family","Secondary Transporter","2.A.19"
"NP_766014","sodium ion:calcium ion+potassium ion antiporter 2","","CaCA","The Ca2+:Cation Antiporter (CaCA) Family","Secondary Transporter","2.A.19"
"NP_778199","sodium ion:calcium ion+potassium ion antiporter 5","","CaCA","The Ca2+:Cation Antiporter (CaCA) Family","Secondary Transporter","2.A.19"
"NP_899197","sodium ion+potassium ion:chloride ion symporter","","CCC","The Cation-Chloride Cotransporter (CCC) Family","Secondary Transporter","2.A.30"
"NP_001073158","sodium ion+potassium ion:chloride ion symporter","","CCC","The Cation-Chloride Cotransporter (CCC) Family","Secondary Transporter","2.A.30"
"NP_001077371","sodium ion+potassium ion:chloride ion symporter","","CCC","The Cation-Chloride Cotransporter (CCC) Family","Secondary Transporter","2.A.30"
"NP_599012","sodium ion+potassium ion:chloride ion symporter","","CCC","The Cation-Chloride Cotransporter (CCC) Family","Secondary Transporter","2.A.30"
"NP_033220","sodium ion+potassium ion:chloride ion symporter","","CCC","The Cation-Chloride Cotransporter (CCC) Family","Secondary Transporter","2.A.30"
"NP_033221","potassium ion:chloride ion symporter","","CCC","The Cation-Chloride Cotransporter (CCC) Family","Secondary Transporter","2.A.30"
"NP_035520","potassium ion:chloride ion symporter","","CCC","The Cation-Chloride Cotransporter (CCC) Family","Secondary Transporter","2.A.30"
"NP_062288","thiazide-sensitive sodium ion:chloride ion symporter","","CCC","The Cation-Chloride Cotransporter (CCC) Family","Secondary Transporter","2.A.30"
"NP_065066","potassium ion:chloride ion symporter 2","","CCC","The Cation-Chloride Cotransporter (CCC) Family","Secondary Transporter","2.A.30"
"NP_113583","potassium ion:chloride ion symporter","","CCC","The Cation-Chloride Cotransporter (CCC) Family","Secondary Transporter","2.A.30"
"NP_598409","potassium ion:chloride ion symporter 3","","CCC","The Cation-Chloride Cotransporter (CCC) Family","Secondary Transporter","2.A.30"
"NP_598410","potassium ion:chloride ion symporter 3","","CCC","The Cation-Chloride Cotransporter (CCC) Family","Secondary Transporter","2.A.30"
"XP_001472339","thiazide-sensitive sodium ion:chloride ion symporter","","CCC","The Cation-Chloride Cotransporter (CCC) Family","Secondary Transporter","2.A.30"
"XP_001477754","sodium ion+potassium ion:chloride ion symporter","","CCC","The Cation-Chloride Cotransporter (CCC) Family","Secondary Transporter","2.A.30"
"NP_001028458","zinc ion","","CDF","The Cation Diffusion Facilitator (CDF) Family","Secondary Transporter","2.A.4"
"NP_001034766","vesicular zinc ion uptake","","CDF","The Cation Diffusion Facilitator (CDF) Family","Secondary Transporter","2.A.4"
"NP_033605","zinc ion efflux","","CDF","The Cation Diffusion Facilitator (CDF) Family","Secondary Transporter","2.A.4"
"NP_035903","vesicular zinc ion uptake","","CDF","The Cation Diffusion Facilitator (CDF) Family","Secondary Transporter","2.A.4"
"NP_035904","vesicular zinc ion uptake","","CDF","The Cation Diffusion Facilitator (CDF) Family","Secondary Transporter","2.A.4"
"NP_075023","granule zinc ion uptake","","CDF","The Cation Diffusion Facilitator (CDF) Family","Secondary Transporter","2.A.4"
"NP_075703","granule zinc ion uptake","","CDF","The Cation Diffusion Facilitator (CDF) Family","Secondary Transporter","2.A.4"
"NP_659047","granule zinc ion uptake","","CDF","The Cation Diffusion Facilitator (CDF) Family","Secondary Transporter","2.A.4"
"NP_766404","granule zinc ion uptake","","CDF","The Cation Diffusion Facilitator (CDF) Family","Secondary Transporter","2.A.4"
"NP_848766","zinc ion efflux","","CDF","The Cation Diffusion Facilitator (CDF) Family","Secondary Transporter","2.A.4"
"XP_999187","granule zinc ion uptake","","CDF","The Cation Diffusion Facilitator (CDF) Family","Secondary Transporter","2.A.4"
"NP_031737","chloride ion channel 3","","ClC","The Chloride Carrier/Channel (ClC) Family","Secondary Transporter","2.A.49"
"NP_776301","chloride ion channel 3","","ClC","The Chloride Carrier/Channel (ClC) Family","Secondary Transporter","2.A.49"
"NP_034030","chloride ion channel 2","","ClC","The Chloride Carrier/Channel (ClC) Family","Secondary Transporter","2.A.49"
"NP_035464","chloride ion channel 4","","ClC","The Chloride Carrier/Channel (ClC) Family","Secondary Transporter","2.A.49"
"NP_036059","chloride ion channel 6","","ClC","The Chloride Carrier/Channel (ClC) Family","Secondary Transporter","2.A.49"
"NP_036060","chloride ion channel 7","","ClC","The Chloride Carrier/Channel (ClC) Family","Secondary Transporter","2.A.49"
"NP_038519","chloride ion channel 1","","ClC","The Chloride Carrier/Channel (ClC) Family","Secondary Transporter","2.A.49"
"NP_057900","chloride ion channel 5","","ClC","The Chloride Carrier/Channel (ClC) Family","Secondary Transporter","2.A.49"
"NP_062675","chloride ion channel Kb","","ClC","The Chloride Carrier/Channel (ClC) Family","Secondary Transporter","2.A.49"
"NP_077723","chloride ion channel Ka","","ClC","The Chloride Carrier/Channel (ClC) Family","Secondary Transporter","2.A.49"
"XP_920407","chloride ion channel Ka","","ClC","The Chloride Carrier/Channel (ClC) Family","Secondary Transporter","2.A.49"
"NP_001004184","sodium ion:nucleoside symporter 1","","CNT","The Concentrative Nucleoside Transporter (CNT) Family","Secondary Transporter","2.A.41"
"NP_071712","sodium ion:nucleoside symporter 3","","CNT","The Concentrative Nucleoside Transporter (CNT) Family","Secondary Transporter","2.A.41"
"NP_766568","sodium ion:nucleoside symporter 2","","CNT","The Concentrative Nucleoside Transporter (CNT) Family","Secondary Transporter","2.A.41"
"XP_001480446","sodium ion:nucleoside symporter 2","","CNT","The Concentrative Nucleoside Transporter (CNT) Family","Secondary Transporter","2.A.41"
"XP_001480713","sodium ion:nucleoside symporter 2","","CNT","The Concentrative Nucleoside Transporter (CNT) Family","Secondary Transporter","2.A.41"
"XP_001481791","sodium ion:nucleoside symporter 2","","CNT","The Concentrative Nucleoside Transporter (CNT) Family","Secondary Transporter","2.A.41"
"XP_355381","sodium ion:nucleoside symporter 2","","CNT","The Concentrative Nucleoside Transporter (CNT) Family","Secondary Transporter","2.A.41"
"NP_001028461","sodium ion:proton antiporter 2","","CPA1","The Monovalent Cation:Proton Antiporter-1 (CPA1) Family","Secondary Transporter","2.A.36"
"NP_001074529","sodium ion:proton antiporter 3","","CPA1","The Monovalent Cation:Proton Antiporter-1 (CPA1) Family","Secondary Transporter","2.A.36"
"NP_001074801","sodium ion:proton antiporter 5","","CPA1","The Monovalent Cation:Proton Antiporter-1 (CPA1) Family","Secondary Transporter","2.A.36"
"NP_058677","sodium ion:proton antiporter 1","","CPA1","The Monovalent Cation:Proton Antiporter-1 (CPA1) Family","Secondary Transporter","2.A.36"
"NP_083222","sodium ion:proton antiporter","","CPA1","The Monovalent Cation:Proton Antiporter-1 (CPA1) Family","Secondary Transporter","2.A.36"
"NP_683731","sodium ion:proton antiporter 8","","CPA1","The Monovalent Cation:Proton Antiporter-1 (CPA1) Family","Secondary Transporter","2.A.36"
"NP_848458","sodium ion:proton antiporter 8","","CPA1","The Monovalent Cation:Proton Antiporter-1 (CPA1) Family","Secondary Transporter","2.A.36"
"NP_766368","sodium ion:proton antiporter 6","","CPA1","The Monovalent Cation:Proton Antiporter-1 (CPA1) Family","Secondary Transporter","2.A.36"
"NP_796058","sodium ion:proton antiporter 4","","CPA1","The Monovalent Cation:Proton Antiporter-1 (CPA1) Family","Secondary Transporter","2.A.36"
"NP_796327","sodium ion:proton antiporter 7","","CPA1","The Monovalent Cation:Proton Antiporter-1 (CPA1) Family","Secondary Transporter","2.A.36"
"NP_808577","sodium ion:proton antiporter 9","","CPA1","The Monovalent Cation:Proton Antiporter-1 (CPA1) Family","Secondary Transporter","2.A.36"
"NP_849208","sodium ion:proton antiporter","","CPA1","The Monovalent Cation:Proton Antiporter-1 (CPA1) Family","Secondary Transporter","2.A.36"
"NP_758486","potassium/sodium ion:proton antiporter","","CPA2","The Monovalent Cation:Proton Antiporter-2 (CPA2) Family","Secondary Transporter","2.A.37"
"NP_001074732","sodium ion:choline symporter?","","CTL","The Choline Transporter Like (CTL) Family","Secondary Transporter","2.A.92"
"NP_076046","sodium ion:choline symporter?","","CTL","The Choline Transporter Like (CTL) Family","Secondary Transporter","2.A.92"
"NP_598652","sodium ion:choline symporter?","","CTL","The Choline Transporter Like (CTL) Family","Secondary Transporter","2.A.92"
"NP_663369","sodium ion:choline symporter?","","CTL","The Choline Transporter Like (CTL) Family","Secondary Transporter","2.A.92"
"NP_690021","sodium ion:choline symporter?","","CTL","The Choline Transporter Like (CTL) Family","Secondary Transporter","2.A.92"
"NP_035523","sodium ion:glutamate/aspartate symporter 2","","DAACS","The Dicarboxylate/Amino Acid:Cation (Na+ or H+) Symporter (DAACS) Family","Secondary Transporter","2.A.23"
"NP_001070982","sodium ion:glutamate/aspartate symporter 2","","DAACS","The Dicarboxylate/Amino Acid:Cation (Na+ or H+) Symporter (DAACS) Family","Secondary Transporter","2.A.23"
"NP_001070983","sodium ion:glutamate/aspartate symporter 2","","DAACS","The Dicarboxylate/Amino Acid:Cation (Na+ or H+) Symporter (DAACS) Family","Secondary Transporter","2.A.23"
"NP_033225","sodium ion:glutamate/aspartate symporter 3","","DAACS","The Dicarboxylate/Amino Acid:Cation (Na+ or H+) Symporter (DAACS) Family","Secondary Transporter","2.A.23"
"NP_033226","sodium ion:glutamate/aspartate symporter 4","","DAACS","The Dicarboxylate/Amino Acid:Cation (Na+ or H+) Symporter (DAACS) Family","Secondary Transporter","2.A.23"
"NP_033227","sodium ion:neutral amino acid symporter","","DAACS","The Dicarboxylate/Amino Acid:Cation (Na+ or H+) Symporter (DAACS) Family","Secondary Transporter","2.A.23"
"NP_061349","sodium ion:neutral amino acid symporter","","DAACS","The Dicarboxylate/Amino Acid:Cation (Na+ or H+) Symporter (DAACS) Family","Secondary Transporter","2.A.23"
"NP_666367","sodium ion:glutamate symporter 5","","DAACS","The Dicarboxylate/Amino Acid:Cation (Na+ or H+) Symporter (DAACS) Family","Secondary Transporter","2.A.23"
"NP_683740","sodium ion:glutamate symporter 1","","DAACS","The Dicarboxylate/Amino Acid:Cation (Na+ or H+) Symporter (DAACS) Family","Secondary Transporter","2.A.23"
"NP_001004148","sodium ion:citrate symporter","","DASS","The Divalent Anion:Na+ Symporter (DASS) Family","Secondary Transporter","2.A.47"
"NP_062354","sodium ion:sulfate symporter","","DASS","The Divalent Anion:Na+ Symporter (DASS) Family","Secondary Transporter","2.A.47"
"NP_071856","sodium ion:dicarboxylate symporter","","DASS","The Divalent Anion:Na+ Symporter (DASS) Family","Secondary Transporter","2.A.47"
"NP_473396","sodium ion:dicarboxylate symporter","","DASS","The Divalent Anion:Na+ Symporter (DASS) Family","Secondary Transporter","2.A.47"
"NP_766480","sodium ion:sulfate symporter","","DASS","The Divalent Anion:Na+ Symporter (DASS) Family","Secondary Transporter","2.A.47"
"XP_001475671","sodium ion:citrate symporter","","DASS","The Divalent Anion:Na+ Symporter (DASS) Family","Secondary Transporter","2.A.47"
"XP_917377","sodium ion:citrate symporter","","DASS","The Divalent Anion:Na+ Symporter (DASS) Family","Secondary Transporter","2.A.47"
"NP_001001321","UDP-glucuronic acid/UDP-N-acetylgalactosamine","","DMT","The Drug/Metabolite Transporter (DMT) Superfamily","Secondary Transporter","2.A.7"
"NP_080680","nucleotide-sugar","","DMT","The Drug/Metabolite Transporter (DMT) Superfamily","Secondary Transporter","2.A.7"
"NP_001076786","nucleotide-sugar","","DMT","The Drug/Metabolite Transporter (DMT) Superfamily","Secondary Transporter","2.A.7"
"NP_036025","CMP-sialic acid","","DMT","The Drug/Metabolite Transporter (DMT) Superfamily","Secondary Transporter","2.A.7"
"NP_058032","UDP-galactose:UMP antiporter","","DMT","The Drug/Metabolite Transporter (DMT) Superfamily","Secondary Transporter","2.A.7"
"NP_063924","drug/metabolite?","","DMT","The Drug/Metabolite Transporter (DMT) Superfamily","Secondary Transporter","2.A.7"
"NP_067410","UDP-xylose/UDP-N-acetylglucosamine","","DMT","The Drug/Metabolite Transporter (DMT) Superfamily","Secondary Transporter","2.A.7"
"NP_081771","? (Yrr6 homolog/CEO subfamily)","","DMT","The Drug/Metabolite Transporter (DMT) Superfamily","Secondary Transporter","2.A.7"
"NP_082336","drug/metabolite?","","DMT","The Drug/Metabolite Transporter (DMT) Superfamily","Secondary Transporter","2.A.7"
"NP_082938","adenosine 3-phospho 5-phosphosulfate transporter","","DMT","The Drug/Metabolite Transporter (DMT) Superfamily","Secondary Transporter","2.A.7"
"NP_083032","nucleotide-sugar","","DMT","The Drug/Metabolite Transporter (DMT) Superfamily","Secondary Transporter","2.A.7"
"NP_083063","drug/metabolite?","","DMT","The Drug/Metabolite Transporter (DMT) Superfamily","Secondary Transporter","2.A.7"
"NP_083514","drug/metabolite?","","DMT","The Drug/Metabolite Transporter (DMT) Superfamily","Secondary Transporter","2.A.7"
"NP_083805","UDP-glucuronic acid/UDP-N-acetylgalactosamine","","DMT","The Drug/Metabolite Transporter (DMT) Superfamily","Secondary Transporter","2.A.7"
"NP_084151","phosphate:glucose-6-phosphate translocator","","DMT","The Drug/Metabolite Transporter (DMT) Superfamily","Secondary Transporter","2.A.7"
"NP_511039","UDP-galactose","","DMT","The Drug/Metabolite Transporter (DMT) Superfamily","Secondary Transporter","2.A.7"
"NP_598821","adenosine 3-phospho 5-phosphosulfate transporter 2","","DMT","The Drug/Metabolite Transporter (DMT) Superfamily","Secondary Transporter","2.A.7"
"NP_659142","phosphate:phosphoenolpyruvate translocator","","DMT","The Drug/Metabolite Transporter (DMT) Superfamily","Secondary Transporter","2.A.7"
"NP_659151","UDP-N-acetylglucosamine","","DMT","The Drug/Metabolite Transporter (DMT) Superfamily","Secondary Transporter","2.A.7"
"NP_665831","GDP-fucose","","DMT","The Drug/Metabolite Transporter (DMT) Superfamily","Secondary Transporter","2.A.7"
"NP_997597","GDP-fucose","","DMT","The Drug/Metabolite Transporter (DMT) Superfamily","Secondary Transporter","2.A.7"
"NP_694782","phosphate:phosphoenolpyruvate translocator","","DMT","The Drug/Metabolite Transporter (DMT) Superfamily","Secondary Transporter","2.A.7"
"NP_780643","drug/metabolite?","","DMT","The Drug/Metabolite Transporter (DMT) Superfamily","Secondary Transporter","2.A.7"
"NP_780716","drug/metabolite?","","DMT","The Drug/Metabolite Transporter (DMT) Superfamily","Secondary Transporter","2.A.7"
"NP_783606","drug/metabolite?","","DMT","The Drug/Metabolite Transporter (DMT) Superfamily","Secondary Transporter","2.A.7"
"NP_796160","triose phosphate:phosphate translocator","","DMT","The Drug/Metabolite Transporter (DMT) Superfamily","Secondary Transporter","2.A.7"
"NP_808400","UDP-glucuronic acid/UDP-N-acetylgalactosamine","","DMT","The Drug/Metabolite Transporter (DMT) Superfamily","Secondary Transporter","2.A.7"
"NP_808434","phosphate:phosphoenolpyruvate translocator","","DMT","The Drug/Metabolite Transporter (DMT) Superfamily","Secondary Transporter","2.A.7"
"NP_848790","drug/metabolite?","","DMT","The Drug/Metabolite Transporter (DMT) Superfamily","Secondary Transporter","2.A.7"
"NP_848916","nucleotide-sugar","","DMT","The Drug/Metabolite Transporter (DMT) Superfamily","Secondary Transporter","2.A.7"
"XP_001478859","phosphate:glucose-6-phosphate translocator","","DMT","The Drug/Metabolite Transporter (DMT) Superfamily","Secondary Transporter","2.A.7"
"XP_001475083","phosphate:glucose-6-phosphate translocator","","DMT","The Drug/Metabolite Transporter (DMT) Superfamily","Secondary Transporter","2.A.7"
"XP_001476836","CMP-sialic acid","","DMT","The Drug/Metabolite Transporter (DMT) Superfamily","Secondary Transporter","2.A.7"
"XP_001478487","drug/metabolite?","","DMT","The Drug/Metabolite Transporter (DMT) Superfamily","Secondary Transporter","2.A.7"
"XP_001478707","UDP-glucuronic acid/UDP-N-acetylgalactosamine","","DMT","The Drug/Metabolite Transporter (DMT) Superfamily","Secondary Transporter","2.A.7"
"XP_001480043","drug/metabolite?","","DMT","The Drug/Metabolite Transporter (DMT) Superfamily","Secondary Transporter","2.A.7"
"XP_147067","drug/metabolite?","","DMT","The Drug/Metabolite Transporter (DMT) Superfamily","Secondary Transporter","2.A.7"
"XP_912903","drug/metabolite?","","DMT","The Drug/Metabolite Transporter (DMT) Superfamily","Secondary Transporter","2.A.7"
"XP_978969","UDP-glucuronic acid/UDP-N-acetylgalactosamine","","DMT","The Drug/Metabolite Transporter (DMT) Superfamily","Secondary Transporter","2.A.7"
"NP_031880","equilibrative nucleoside transporter 2","","ENT","The Equilibrative Nucleoside Transporter (ENT) Family","Secondary Transporter","2.A.57"
"NP_075018","equilibrative nucleoside transporter 1","","ENT","The Equilibrative Nucleoside Transporter (ENT) Family","Secondary Transporter","2.A.57"
"NP_076085","equilibrative nucleoside transporter 3","","ENT","The Equilibrative Nucleoside Transporter (ENT) Family","Secondary Transporter","2.A.57"
"NP_666369","plasma membrane monoamine transporter","","ENT","The Equilibrative Nucleoside Transporter (ENT) Family","Secondary Transporter","2.A.57"
"XP_001479485","plasma membrane monoamine transporter","","ENT","The Equilibrative Nucleoside Transporter (ENT) Family","Secondary Transporter","2.A.57"
"NP_001028391","proton/sodium ion:sugar symporter","","GPH","The Glycoside-Pentoside-Hexuronide (GPH):Cation Symporter Family","Secondary Transporter","2.A.2"
"NP_001028660","proton/sodium ion:sugar symporter","","GPH","The Glycoside-Pentoside-Hexuronide (GPH):Cation Symporter Family","Secondary Transporter","2.A.2"
"NP_082933","proton/sodium ion:sugar symporter","","GPH","The Glycoside-Pentoside-Hexuronide (GPH):Cation Symporter Family","Secondary Transporter","2.A.2"
"NP_083938","proton/sodium ion:sugar symporter","","GPH","The Glycoside-Pentoside-Hexuronide (GPH):Cation Symporter Family","Secondary Transporter","2.A.2"
"NP_444307","proton/sodium ion:sugar symporter","","GPH","The Glycoside-Pentoside-Hexuronide (GPH):Cation Symporter Family","Secondary Transporter","2.A.2"
"NP_666089","proton/sodium ion:sugar symporter","","GPH","The Glycoside-Pentoside-Hexuronide (GPH):Cation Symporter Family","Secondary Transporter","2.A.2"
"NP_776135","proton/sodium ion:sugar symporter","","GPH","The Glycoside-Pentoside-Hexuronide (GPH):Cation Symporter Family","Secondary Transporter","2.A.2"
"XP_359354","proton/sodium ion:sugar symporter","","GPH","The Glycoside-Pentoside-Hexuronide (GPH):Cation Symporter Family","Secondary Transporter","2.A.2"
"XP_908655","proton/sodium ion:sugar symporter","","GPH","The Glycoside-Pentoside-Hexuronide (GPH):Cation Symporter Family","Secondary Transporter","2.A.2"
"XP_914025","proton/sodium ion:sugar symporter","","GPH","The Glycoside-Pentoside-Hexuronide (GPH):Cation Symporter Family","Secondary Transporter","2.A.2"
"NP_083371","glycerol:proton symporter","","GUP","The Glycerol Uptake (GUP) Family","Secondary Transporter","2.A.50"
"NP_659130","glycerol:proton symporter","","GUP","The Glycerol Uptake (GUP) Family","Secondary Transporter","2.A.50"
"NP_036030","mannose-P-dolichol utilization defect 1 protein","","LCT","The Lysosomal Cystine Transporter (LCT) Family","Secondary Transporter","2.A.43"
"XP_001479721","mannose-P-dolichol utilization defect 1 protein","","LCT","The Lysosomal Cystine Transporter (LCT) Family","Secondary Transporter","2.A.43"
"NP_001007571","Unclassified","","MC","The Mitochondrial Carrier (MC) Family","Secondary Transporter","2.A.29"
"NP_001009949","Unclassified","","MC","The Mitochondrial Carrier (MC) Family","Secondary Transporter","2.A.29"
"NP_001012310","tricarboxylate?","","MC","The Mitochondrial Carrier (MC) Family","Secondary Transporter","2.A.29"
"NP_001013802","Unclassified","","MC","The Mitochondrial Carrier (MC) Family","Secondary Transporter","2.A.29"
"NP_001074517","glutamate","","MC","The Mitochondrial Carrier (MC) Family","Secondary Transporter","2.A.29"
"NP_001074702","ADP:ATP translocase 2","","MC","The Mitochondrial Carrier (MC) Family","Secondary Transporter","2.A.29"
"NP_001075881","Unclassified","","MC","The Mitochondrial Carrier (MC) Family","Secondary Transporter","2.A.29"
"NP_031476","ADP:ATP translocase","","MC","The Mitochondrial Carrier (MC) Family","Secondary Transporter","2.A.29"
"NP_031477","ADP:ATP translocase","","MC","The Mitochondrial Carrier (MC) Family","Secondary Transporter","2.A.29"
"NP_033489","brown fat uncoupling protein 1","","MC","The Mitochondrial Carrier (MC) Family","Secondary Transporter","2.A.29"
"NP_033490","uncoupling protein 3","","MC","The Mitochondrial Carrier (MC) Family","Secondary Transporter","2.A.29"
"NP_851842","ornithine","","MC","The Mitochondrial Carrier (MC) Family","Secondary Transporter","2.A.29"
"NP_035147","ornithine","","MC","The Mitochondrial Carrier (MC) Family","Secondary Transporter","2.A.29"
"NP_035528","Unclassified","","MC","The Mitochondrial Carrier (MC) Family","Secondary Transporter","2.A.29"
"NP_035529","peroxisomal adenine nucleotide carrier (ANC) (SLC25A17)","","MC","The Mitochondrial Carrier (MC) Family","Secondary Transporter","2.A.29"
"NP_035801","uncoupling protein 2","","MC","The Mitochondrial Carrier (MC) Family","Secondary Transporter","2.A.29"
"NP_038798","dicarboxylate","","MC","The Mitochondrial Carrier (MC) Family","Secondary Transporter","2.A.29"
"NP_056644","aspartate:glutamate antiporter(Ca2+-activated)","","MC","The Mitochondrial Carrier (MC) Family","Secondary Transporter","2.A.29"
"NP_062732","Unclassified","","MC","The Mitochondrial Carrier (MC) Family","Secondary Transporter","2.A.29"
"NP_063933","Unclassified","","MC","The Mitochondrial Carrier (MC) Family","Secondary Transporter","2.A.29"
"NP_065266","carnitine/acylcarnitine","","MC","The Mitochondrial Carrier (MC) Family","Secondary Transporter","2.A.29"
"NP_077173","2-oxoglutarate:malate antiporter","","MC","The Mitochondrial Carrier (MC) Family","Secondary Transporter","2.A.29"
"NP_080153","magnesium ion:inorganic phosphate antiporter","","MC","The Mitochondrial Carrier (MC) Family","Secondary Transporter","2.A.29"
"NP_080347","deoxynucleotide","","MC","The Mitochondrial Carrier (MC) Family","Secondary Transporter","2.A.29"
"NP_080441","Unclassified","","MC","The Mitochondrial Carrier (MC) Family","Secondary Transporter","2.A.29"
"NP_080508","Unclassified","","MC","The Mitochondrial Carrier (MC) Family","Secondary Transporter","2.A.29"
"NP_080531","S-adenosylmethionine (SAM)?","","MC","The Mitochondrial Carrier (MC) Family","Secondary Transporter","2.A.29"
"NP_080818","Unclassified","","MC","The Mitochondrial Carrier (MC) Family","Secondary Transporter","2.A.29"
"NP_080922","glutamate","","MC","The Mitochondrial Carrier (MC) Family","Secondary Transporter","2.A.29"
"NP_081736","Unclassified","","MC","The Mitochondrial Carrier (MC) Family","Secondary Transporter","2.A.29"
"NP_082324","Unclassified","","MC","The Mitochondrial Carrier (MC) Family","Secondary Transporter","2.A.29"
"NP_082987","uncoupling protein 4","","MC","The Mitochondrial Carrier (MC) Family","Secondary Transporter","2.A.29"
"NP_598429","phosphate","","MC","The Mitochondrial Carrier (MC) Family","Secondary Transporter","2.A.29"
"NP_598915","carnitine/acylcarnitine?","","MC","The Mitochondrial Carrier (MC) Family","Secondary Transporter","2.A.29"
"NP_620095","Unclassified","","MC","The Mitochondrial Carrier (MC) Family","Secondary Transporter","2.A.29"
"NP_080607","Unclassified","","MC","The Mitochondrial Carrier (MC) Family","Secondary Transporter","2.A.29"
"NP_659042","Unclassified","","MC","The Mitochondrial Carrier (MC) Family","Secondary Transporter","2.A.29"
"NP_660138","Mitoferrin-2 (Mitochondrial iron transporter 2)","","MC","The Mitochondrial Carrier (MC) Family","Secondary Transporter","2.A.29"
"NP_666230","magnesium ion:inorganic phosphate antiporter","","MC","The Mitochondrial Carrier (MC) Family","Secondary Transporter","2.A.29"
"NP_694790","tricarboxylate","","MC","The Mitochondrial Carrier (MC) Family","Secondary Transporter","2.A.29"
"NP_765990","folate","","MC","The Mitochondrial Carrier (MC) Family","Secondary Transporter","2.A.29"
"NP_766024","aspartate:glutamate antiporter(Ca2+-activated)","","MC","The Mitochondrial Carrier (MC) Family","Secondary Transporter","2.A.29"
"NP_766165","2-oxodicarboxylate","","MC","The Mitochondrial Carrier (MC) Family","Secondary Transporter","2.A.29"
"NP_766273","magnesium ion:inorganic phosphate antiporter","","MC","The Mitochondrial Carrier (MC) Family","Secondary Transporter","2.A.29"
"NP_780403","Grave disease carrier protein homolog (GDC)","","MC","The Mitochondrial Carrier (MC) Family","Secondary Transporter","2.A.29"
"NP_780542","magnesium ion:inorganic phosphate antiporter","","MC","The Mitochondrial Carrier (MC) Family","Secondary Transporter","2.A.29"
"NP_808477","carnitine/acylcarnitine?","","MC","The Mitochondrial Carrier (MC) Family","Secondary Transporter","2.A.29"
"NP_848473","ADP:ATP translocase 4","","MC","The Mitochondrial Carrier (MC) Family","Secondary Transporter","2.A.29"
"NP_848811","aspartate:glutamate antiporter(Ca2+-activated)?","","MC","The Mitochondrial Carrier (MC) Family","Secondary Transporter","2.A.29"
"NP_848881","Unclassified","","MC","The Mitochondrial Carrier (MC) Family","Secondary Transporter","2.A.29"
"NP_851845","carnitine/acylcarnitine","","MC","The Mitochondrial Carrier (MC) Family","Secondary Transporter","2.A.29"
"XP_001471759","2-oxoglutarate:malate antiporter","","MC","The Mitochondrial Carrier (MC) Family","Secondary Transporter","2.A.29"
"XP_001471849","iron import carrier (MRS3/4)?","","MC","The Mitochondrial Carrier (MC) Family","Secondary Transporter","2.A.29"
"XP_001475977","phosphate","","MC","The Mitochondrial Carrier (MC) Family","Secondary Transporter","2.A.29"
"XP_110743","Unclassified","","MC","The Mitochondrial Carrier (MC) Family","Secondary Transporter","2.A.29"
"XP_914221","ornithine","","MC","The Mitochondrial Carrier (MC) Family","Secondary Transporter","2.A.29"
"XP_111757","ornithine","","MC","The Mitochondrial Carrier (MC) Family","Secondary Transporter","2.A.29"
"XP_131087","magnesium ion:inorganic phosphate antiporter","","MC","The Mitochondrial Carrier (MC) Family","Secondary Transporter","2.A.29"
"XP_915587","magnesium ion:inorganic phosphate antiporter","","MC","The Mitochondrial Carrier (MC) Family","Secondary Transporter","2.A.29"
"XP_484885","ADP:ATP translocase 2","","MC","The Mitochondrial Carrier (MC) Family","Secondary Transporter","2.A.29"
"XP_892944","ADP:ATP translocase 2","","MC","The Mitochondrial Carrier (MC) Family","Secondary Transporter","2.A.29"
"XP_912758","ADP:ATP translocase 2","","MC","The Mitochondrial Carrier (MC) Family","Secondary Transporter","2.A.29"
"XP_909149","ADP:ATP translocase 2","","MC","The Mitochondrial Carrier (MC) Family","Secondary Transporter","2.A.29"
"XP_914240","Unclassified","","MC","The Mitochondrial Carrier (MC) Family","Secondary Transporter","2.A.29"
"NP_032666","lysosomal multidrug efflux 4A","","MET","The 4 TMS Multidrug Endosomal Transporter (MET) Family","Secondary Transporter","2.A.74"
"NP_034816","lysosomal multidrug efflux 5","","MET","The 4 TMS Multidrug Endosomal Transporter (MET) Family","Secondary Transporter","2.A.74"
"NP_277056","lysosomal multidrug efflux 4B","","MET","The 4 TMS Multidrug Endosomal Transporter (MET) Family","Secondary Transporter","2.A.74"
"XP_001475756","lysosomal multidrug efflux 5","","MET","The 4 TMS Multidrug Endosomal Transporter (MET) Family","Secondary Transporter","2.A.74"
"NP_001012363","glucose/solute","","MFS","The Major Facilitator Superfamily (MFS)","Secondary Transporter","2.A.1"
"NP_663534","glucose/solute","","MFS","The Major Facilitator Superfamily (MFS)","Secondary Transporter","2.A.1"
"NP_001013842","organic anion","","MFS","The Major Facilitator Superfamily (MFS)","Secondary Transporter","2.A.1"
"NP_598799","monocarboxylate","","MFS","The Major Facilitator Superfamily (MFS)","Secondary Transporter","2.A.1"
"NP_001025013","monocarboxylate","","MFS","The Major Facilitator Superfamily (MFS)","Secondary Transporter","2.A.1"
"NP_001028339","organic cation","","MFS","The Major Facilitator Superfamily (MFS)","Secondary Transporter","2.A.1"
"NP_001028805","proton:myo-inositol symporter","","MFS","The Major Facilitator Superfamily (MFS)","Secondary Transporter","2.A.1"
"NP_001032838","organic cation","","MFS","The Major Facilitator Superfamily (MFS)","Secondary Transporter","2.A.1"
"NP_001033742","monocarboxylate","","MFS","The Major Facilitator Superfamily (MFS)","Secondary Transporter","2.A.1"
"NP_001033743","monocarboxylate","","MFS","The Major Facilitator Superfamily (MFS)","Secondary Transporter","2.A.1"
"NP_109621","monocarboxylate","","MFS","The Major Facilitator Superfamily (MFS)","Secondary Transporter","2.A.1"
"NP_001036225","organic cation","","MFS","The Major Facilitator Superfamily (MFS)","Secondary Transporter","2.A.1"
"NP_032793","organic cation","","MFS","The Major Facilitator Superfamily (MFS)","Secondary Transporter","2.A.1"
"NP_001074403","monocarboxylate","","MFS","The Major Facilitator Superfamily (MFS)","Secondary Transporter","2.A.1"
"NP_001074728","Feline Leukemia Virus Subgroup C Receptor (FLVCR) 1","","MFS","The Major Facilitator Superfamily (MFS)","Secondary Transporter","2.A.1"
"NP_001077278","L-type amino acid transporter 3","","MFS","The Major Facilitator Superfamily (MFS)","Secondary Transporter","2.A.1"
"NP_078773","L-type amino acid transporter 3","","MFS","The Major Facilitator Superfamily (MFS)","Secondary Transporter","2.A.1"
"NP_001074818","L-type amino acid transporter 3","","MFS","The Major Facilitator Superfamily (MFS)","Secondary Transporter","2.A.1"
"NP_001077370","tetracycline efflux?","","MFS","The Major Facilitator Superfamily (MFS)","Secondary Transporter","2.A.1"
"NP_598441","tetracycline efflux?","","MFS","The Major Facilitator Superfamily (MFS)","Secondary Transporter","2.A.1"
"NP_032089","glucose-6-phosphate","","MFS","The Major Facilitator Superfamily (MFS)","Secondary Transporter","2.A.1"
"NP_032272","tetracycline efflux?","","MFS","The Major Facilitator Superfamily (MFS)","Secondary Transporter","2.A.1"
"NP_032792","organic anion","","MFS","The Major Facilitator Superfamily (MFS)","Secondary Transporter","2.A.1"
"NP_033222","monocarboxylate","","MFS","The Major Facilitator Superfamily (MFS)","Secondary Transporter","2.A.1"
"NP_033223","monocarboxylate","","MFS","The Major Facilitator Superfamily (MFS)","Secondary Transporter","2.A.1"
"NP_033224","sodium ion:phosphate symporter","","MFS","The Major Facilitator Superfamily (MFS)","Secondary Transporter","2.A.1"
"NP_033228","organic cation","","MFS","The Major Facilitator Superfamily (MFS)","Secondary Transporter","2.A.1"
"NP_033230","glucose/solute","","MFS","The Major Facilitator Superfamily (MFS)","Secondary Transporter","2.A.1"
"NP_035521","monocarboxylate","","MFS","The Major Facilitator Superfamily (MFS)","Secondary Transporter","2.A.1"
"NP_035525","organic cation","","MFS","The Major Facilitator Superfamily (MFS)","Secondary Transporter","2.A.1"
"NP_035526","organic cation","","MFS","The Major Facilitator Superfamily (MFS)","Secondary Transporter","2.A.1"
"NP_035530","glucose/solute","","MFS","The Major Facilitator Superfamily (MFS)","Secondary Transporter","2.A.1"
"NP_035531","glucose/solute","","MFS","The Major Facilitator Superfamily (MFS)","Secondary Transporter","2.A.1"
"NP_038695","organic cation","","MFS","The Major Facilitator Superfamily (MFS)","Secondary Transporter","2.A.1"
"NP_056543","Acetyl-CoA:CoA antiporter","","MFS","The Major Facilitator Superfamily (MFS)","Secondary Transporter","2.A.1"
"NP_062361","glucose/solute","","MFS","The Major Facilitator Superfamily (MFS)","Secondary Transporter","2.A.1"
"NP_062661","organic cation","","MFS","The Major Facilitator Superfamily (MFS)","Secondary Transporter","2.A.1"
"NP_062697","organic cation","","MFS","The Major Facilitator Superfamily (MFS)","Secondary Transporter","2.A.1"
"NP_062715","glucose/solute","","MFS","The Major Facilitator Superfamily (MFS)","Secondary Transporter","2.A.1"
"NP_064654","glycerol-3-phosphate","","MFS","The Major Facilitator Superfamily (MFS)","Secondary Transporter","2.A.1"
"NP_065262","monocarboxylate","","MFS","The Major Facilitator Superfamily (MFS)","Secondary Transporter","2.A.1"
"NP_066395","thymic stromal co-transporter","","MFS","The Major Facilitator Superfamily (MFS)","Secondary Transporter","2.A.1"
"NP_067373","L-type amino acid transporter 3","","MFS","The Major Facilitator Superfamily (MFS)","Secondary Transporter","2.A.1"
"NP_067526","organic cation","","MFS","The Major Facilitator Superfamily (MFS)","Secondary Transporter","2.A.1"
"NP_068358","vesicular acetylcholine","","MFS","The Major Facilitator Superfamily (MFS)","Secondary Transporter","2.A.1"
"NP_071313","synaptic vesicle protein SV2A","","MFS","The Major Facilitator Superfamily (MFS)","Secondary Transporter","2.A.1"
"NP_076201","spinster homolog","","MFS","The Major Facilitator Superfamily (MFS)","Secondary Transporter","2.A.1"
"NP_080083","monocarboxylate","","MFS","The Major Facilitator Superfamily (MFS)","Secondary Transporter","2.A.1"
"NP_080089","Unclassified","","MFS","The Major Facilitator Superfamily (MFS)","Secondary Transporter","2.A.1"
"NP_080936","multidrug efflux?","","MFS","The Major Facilitator Superfamily (MFS)","Secondary Transporter","2.A.1"
"NP_081016","folate/heme","","MFS","The Major Facilitator Superfamily (MFS)","Secondary Transporter","2.A.1"
"NP_081081","Synaptic vesicle 2-related protein (SV2-related protein)","","MFS","The Major Facilitator Superfamily (MFS)","Secondary Transporter","2.A.1"
"NP_081398","Unclassified","","MFS","The Major Facilitator Superfamily (MFS)","Secondary Transporter","2.A.1"
"NP_081848","organic cation","","MFS","The Major Facilitator Superfamily (MFS)","Secondary Transporter","2.A.1"
"NP_082148","folate/heme","","MFS","The Major Facilitator Superfamily (MFS)","Secondary Transporter","2.A.1"
"NP_082197","monocarboxylate","","MFS","The Major Facilitator Superfamily (MFS)","Secondary Transporter","2.A.1"
"NP_082399","glycerol-3-phosphate","","MFS","The Major Facilitator Superfamily (MFS)","Secondary Transporter","2.A.1"
"NP_082416","Unclassified","","MFS","The Major Facilitator Superfamily (MFS)","Secondary Transporter","2.A.1"
"NP_082523","aromatic amino acid?","","MFS","The Major Facilitator Superfamily (MFS)","Secondary Transporter","2.A.1"
"NP_084208","spinster homolog","","MFS","The Major Facilitator Superfamily (MFS)","Secondary Transporter","2.A.1"
"NP_112471","organic anion","","MFS","The Major Facilitator Superfamily (MFS)","Secondary Transporter","2.A.1"
"NP_112474","glucose/solute","","MFS","The Major Facilitator Superfamily (MFS)","Secondary Transporter","2.A.1"
"NP_543129","vesicular glutamate","","MFS","The Major Facilitator Superfamily (MFS)","Secondary Transporter","2.A.1"
"NP_569718","glucose/solute","","MFS","The Major Facilitator Superfamily (MFS)","Secondary Transporter","2.A.1"
"NP_835182","Unclassified","","MFS","The Major Facilitator Superfamily (MFS)","Secondary Transporter","2.A.1"
"NP_598590","Unclassified","","MFS","The Major Facilitator Superfamily (MFS)","Secondary Transporter","2.A.1"
"NP_598741","organic cation","","MFS","The Major Facilitator Superfamily (MFS)","Secondary Transporter","2.A.1"
"NP_598830","sodium ion:phosphate symporter","","MFS","The Major Facilitator Superfamily (MFS)","Secondary Transporter","2.A.1"
"NP_598861","Unclassified","","MFS","The Major Facilitator Superfamily (MFS)","Secondary Transporter","2.A.1"
"NP_659034","organic anion","","MFS","The Major Facilitator Superfamily (MFS)","Secondary Transporter","2.A.1"
"NP_659070","glucose","","MFS","The Major Facilitator Superfamily (MFS)","Secondary Transporter","2.A.1"
"NP_659085","sodium ion:phosphate symporter","","MFS","The Major Facilitator Superfamily (MFS)","Secondary Transporter","2.A.1"
"NP_659105","organic anion","","MFS","The Major Facilitator Superfamily (MFS)","Secondary Transporter","2.A.1"
"NP_663422","Feline Leukemia Virus Subgroup C Receptor (FLVCR) 2","","MFS","The Major Facilitator Superfamily (MFS)","Secondary Transporter","2.A.1"
"NP_666116","Unclassified","","MFS","The Major Facilitator Superfamily (MFS)","Secondary Transporter","2.A.1"
"NP_666248","monocarboxylate","","MFS","The Major Facilitator Superfamily (MFS)","Secondary Transporter","2.A.1"
"NP_666344","organic anion","","MFS","The Major Facilitator Superfamily (MFS)","Secondary Transporter","2.A.1"
"NP_694694","vesicular monoamine","","MFS","The Major Facilitator Superfamily (MFS)","Secondary Transporter","2.A.1"
"NP_694702","glycerol-3-phosphate","","MFS","The Major Facilitator Superfamily (MFS)","Secondary Transporter","2.A.1"
"NP_694721","monocarboxylate","","MFS","The Major Facilitator Superfamily (MFS)","Secondary Transporter","2.A.1"
"NP_705778","Unclassified","","MFS","The Major Facilitator Superfamily (MFS)","Secondary Transporter","2.A.1"
"NP_705807","synaptic vesicle protein SV2B","","MFS","The Major Facilitator Superfamily (MFS)","Secondary Transporter","2.A.1"
"NP_758959","monocarboxylate","","MFS","The Major Facilitator Superfamily (MFS)","Secondary Transporter","2.A.1"
"NP_759010","urate:anion exchanger 1","","MFS","The Major Facilitator Superfamily (MFS)","Secondary Transporter","2.A.1"
"NP_766087","Unclassified","","MFS","The Major Facilitator Superfamily (MFS)","Secondary Transporter","2.A.1"
"NP_766111","vesicular monoamine","","MFS","The Major Facilitator Superfamily (MFS)","Secondary Transporter","2.A.1"
"NP_766247","glucose/solute","","MFS","The Major Facilitator Superfamily (MFS)","Secondary Transporter","2.A.1"
"NP_766361","lysosomal sialate transporter","","MFS","The Major Facilitator Superfamily (MFS)","Secondary Transporter","2.A.1"
"NP_766364","organic anion","","MFS","The Major Facilitator Superfamily (MFS)","Secondary Transporter","2.A.1"
"NP_766426","monocarboxylate","","MFS","The Major Facilitator Superfamily (MFS)","Secondary Transporter","2.A.1"
"NP_766471","Unclassified","","MFS","The Major Facilitator Superfamily (MFS)","Secondary Transporter","2.A.1"
"NP_775564","L-type amino acid transporter 4","","MFS","The Major Facilitator Superfamily (MFS)","Secondary Transporter","2.A.1"
"NP_780629","organic cation","","MFS","The Major Facilitator Superfamily (MFS)","Secondary Transporter","2.A.1"
"NP_795976","organic anion","","MFS","The Major Facilitator Superfamily (MFS)","Secondary Transporter","2.A.1"
"NP_795990","sodium ion:phosphate symporter","","MFS","The Major Facilitator Superfamily (MFS)","Secondary Transporter","2.A.1"
"NP_796174","organic cation","","MFS","The Major Facilitator Superfamily (MFS)","Secondary Transporter","2.A.1"
"NP_848735","Unclassified","","MFS","The Major Facilitator Superfamily (MFS)","Secondary Transporter","2.A.1"
"NP_849265","glucose/solute","","MFS","The Major Facilitator Superfamily (MFS)","Secondary Transporter","2.A.1"
"NP_892004","vesicular glutamate","","MFS","The Major Facilitator Superfamily (MFS)","Secondary Transporter","2.A.1"
"NP_892038","vesicular glutamate","","MFS","The Major Facilitator Superfamily (MFS)","Secondary Transporter","2.A.1"
"NP_898984","sodium ion:phosphate symporter","","MFS","The Major Facilitator Superfamily (MFS)","Secondary Transporter","2.A.1"
"NP_941052","organic anion","","MFS","The Major Facilitator Superfamily (MFS)","Secondary Transporter","2.A.1"
"NP_954860","? (Protein unc-93 homolog A)","","MFS","The Major Facilitator Superfamily (MFS)","Secondary Transporter","2.A.1"
"XP_001002464","organic cation","","MFS","The Major Facilitator Superfamily (MFS)","Secondary Transporter","2.A.1"
"XP_001474665","organic cation","","MFS","The Major Facilitator Superfamily (MFS)","Secondary Transporter","2.A.1"
"XP_001476838","organic cation","","MFS","The Major Facilitator Superfamily (MFS)","Secondary Transporter","2.A.1"
"XP_001480176","glucose/solute","","MFS","The Major Facilitator Superfamily (MFS)","Secondary Transporter","2.A.1"
"XP_911280","glucose/solute","","MFS","The Major Facilitator Superfamily (MFS)","Secondary Transporter","2.A.1"
"XP_125582","glucose","","MFS","The Major Facilitator Superfamily (MFS)","Secondary Transporter","2.A.1"
"XP_913048","glucose","","MFS","The Major Facilitator Superfamily (MFS)","Secondary Transporter","2.A.1"
"XP_909664","monoamines?","","MFS","The Major Facilitator Superfamily (MFS)","Secondary Transporter","2.A.1"
"XP_001474719","monoamines?","","MFS","The Major Facilitator Superfamily (MFS)","Secondary Transporter","2.A.1"
"XP_919126","synaptic vesicle protein SV2C","","MFS","The Major Facilitator Superfamily (MFS)","Secondary Transporter","2.A.1"
"XP_928128","synaptic vesicle protein SV2C","","MFS","The Major Facilitator Superfamily (MFS)","Secondary Transporter","2.A.1"
"XP_996351","synaptic vesicle protein SV2C","","MFS","The Major Facilitator Superfamily (MFS)","Secondary Transporter","2.A.1"
"XP_927790","urate:anion exchanger","","MFS","The Major Facilitator Superfamily (MFS)","Secondary Transporter","2.A.1"
"XP_989640","urate:anion exchanger","","MFS","The Major Facilitator Superfamily (MFS)","Secondary Transporter","2.A.1"
"XP_993075","? (Protein unc-93 homolog A)","","MFS","The Major Facilitator Superfamily (MFS)","Secondary Transporter","2.A.1"
"NP_001028714","multidrug efflux","MATE","MOP","The Multidrug/Oligosaccharidyl-lipid/Polysaccharide (MOP) Flippase Superfamily","Secondary Transporter","2.A.66"
"NP_080459","multidrug efflux","MATE","MOP","The Multidrug/Oligosaccharidyl-lipid/Polysaccharide (MOP) Flippase Superfamily","Secondary Transporter","2.A.66"
"NP_808483","nuclear division RFT1 homolog (OLF subfamily)","OLF","MOP","The Multidrug/Oligosaccharidyl-lipid/Polysaccharide (MOP) Flippase Superfamily","Secondary Transporter","2.A.66"
"XP_001479471","multidrug efflux","MATE","MOP","The Multidrug/Oligosaccharidyl-lipid/Polysaccharide (MOP) Flippase Superfamily","Secondary Transporter","2.A.66"
"NP_081600","tricarboxylates (Sideroflexin-1)","","MTC","The Mitochondrial Tricarboxylate Carrier (MTC) Family","Secondary Transporter","2.A.54"
"NP_444426","tricarboxylates (Sideroflexin-2)","","MTC","The Mitochondrial Tricarboxylate Carrier (MTC) Family","Secondary Transporter","2.A.54"
"NP_444427","tricarboxylates (Sideroflexin-3)","","MTC","The Mitochondrial Tricarboxylate Carrier (MTC) Family","Secondary Transporter","2.A.54"
"NP_444428","tricarboxylates (Sideroflexin-4)","","MTC","The Mitochondrial Tricarboxylate Carrier (MTC) Family","Secondary Transporter","2.A.54"
"NP_848754","tricarboxylates (Sideroflexin-5)","","MTC","The Mitochondrial Tricarboxylate Carrier (MTC) Family","Secondary Transporter","2.A.54"
"XP_001000919","tricarboxylates (Sideroflexin-2)","","MTC","The Mitochondrial Tricarboxylate Carrier (MTC) Family","Secondary Transporter","2.A.54"
"NP_001020744","sodium ion:L-ascorbic acid symporter","","NCS2","The Nucleobase:Cation Symporter-2 (NCS2) Family","Secondary Transporter","2.A.40"
"NP_035527","sodium ion:L-ascorbic acid symporter","","NCS2","The Nucleobase:Cation Symporter-2 (NCS2) Family","Secondary Transporter","2.A.40"
"NP_061294","sodium ion:L-ascorbic acid symporter","","NCS2","The Nucleobase:Cation Symporter-2 (NCS2) Family","Secondary Transporter","2.A.40"
"NP_919314","sodium ion:L-ascorbic acid symporter","","NCS2","The Nucleobase:Cation Symporter-2 (NCS2) Family","Secondary Transporter","2.A.40"
"NP_032758","heavy metal ion/proton symporter (NRAMP 2)","","Nramp","The Metal Ion (Mn2+-iron) Transporter (Nramp) Family","Secondary Transporter","2.A.55"
"NP_038640","heavy metal ion/proton symporter (NRAMP 1)","","Nramp","The Metal Ion (Mn2+-iron) Transporter (Nramp) Family","Secondary Transporter","2.A.55"
"NP_001028348","sodium/chloride ion:neurotransmitter symporter 5","","NSS","The Neurotransmitter:Sodium Symporter (NSS) Family","Secondary Transporter","2.A.22"
"NP_001035782","sodium/chloride ion:amino acid symporter","","NSS","The Neurotransmitter:Sodium Symporter (NSS) Family","Secondary Transporter","2.A.22"
"NP_032161","sodium/chloride ion:glycine symporter 1","","NSS","The Neurotransmitter:Sodium Symporter (NSS) Family","Secondary Transporter","2.A.22"
"NP_033235","sodium ion:noradrenaline symporter","","NSS","The Neurotransmitter:Sodium Symporter (NSS) Family","Secondary Transporter","2.A.22"
"NP_033346","sodium ion:taurine symporter","","NSS","The Neurotransmitter:Sodium Symporter (NSS) Family","Secondary Transporter","2.A.22"
"NP_034150","sodium ion:dopamine symporter","","NSS","The Neurotransmitter:Sodium Symporter (NSS) Family","Secondary Transporter","2.A.22"
"NP_034614","sodium ion:serotonin symporter","","NSS","The Neurotransmitter:Sodium Symporter (NSS) Family","Secondary Transporter","2.A.22"
"NP_035861","sodium ion:amino acid symporter","","NSS","The Neurotransmitter:Sodium Symporter (NSS) Family","Secondary Transporter","2.A.22"
"NP_064433","sodium/chloride ion:neutral and basic amino acid symporter","","NSS","The Neurotransmitter:Sodium Symporter (NSS) Family","Secondary Transporter","2.A.22"
"NP_083154","sodium ion:neutral amino acid symporter","","NSS","The Neurotransmitter:Sodium Symporter (NSS) Family","Secondary Transporter","2.A.22"
"NP_598422","sodium ion:betaine symporter","","NSS","The Neurotransmitter:Sodium Symporter (NSS) Family","Secondary Transporter","2.A.22"
"NP_598748","sodium/chloride ion:creatine symporter","","NSS","The Neurotransmitter:Sodium Symporter (NSS) Family","Secondary Transporter","2.A.22"
"NP_631881","sodium/chloride ion:amino acid symporter","","NSS","The Neurotransmitter:Sodium Symporter (NSS) Family","Secondary Transporter","2.A.22"
"NP_653095","sodium/chloride ion:GABA symporter","","NSS","The Neurotransmitter:Sodium Symporter (NSS) Family","Secondary Transporter","2.A.22"
"NP_683733","sodium/chloride ion:glycine symporter","","NSS","The Neurotransmitter:Sodium Symporter (NSS) Family","Secondary Transporter","2.A.22"
"NP_758475","sodium ion:amino acid symporter","","NSS","The Neurotransmitter:Sodium Symporter (NSS) Family","Secondary Transporter","2.A.22"
"NP_766478","sodium/chloride ion:GABA symporter","","NSS","The Neurotransmitter:Sodium Symporter (NSS) Family","Secondary Transporter","2.A.22"
"NP_780537","sodium ion:amino acid symporter","","NSS","The Neurotransmitter:Sodium Symporter (NSS) Family","Secondary Transporter","2.A.22"
"NP_848818","sodium/chloride ion:GABA symporter","","NSS","The Neurotransmitter:Sodium Symporter (NSS) Family","Secondary Transporter","2.A.22"
"NP_958741","sodium ion:proline symporter","","NSS","The Neurotransmitter:Sodium Symporter (NSS) Family","Secondary Transporter","2.A.22"
"XP_001004719","sodium/chloride ion:glycine symporter","","NSS","The Neurotransmitter:Sodium Symporter (NSS) Family","Secondary Transporter","2.A.22"
"XP_001004722","sodium/chloride ion:glycine symporter","","NSS","The Neurotransmitter:Sodium Symporter (NSS) Family","Secondary Transporter","2.A.22"
"XP_919782","sodium/chloride ion:neurotransmitter symporter","","NSS","The Neurotransmitter:Sodium Symporter (NSS) Family","Secondary Transporter","2.A.22"
"XP_355900","sodium/chloride ion:neurotransmitter symporter","","NSS","The Neurotransmitter:Sodium Symporter (NSS) Family","Secondary Transporter","2.A.22"
"NP_001033732","organic anion transporter member 3a1","","OAT","The Organo Anion Transporter (OAT) Family","Secondary Transporter","2.A.60"
"NP_076397","organic anion transporter member 3a1","","OAT","The Organo Anion Transporter (OAT) Family","Secondary Transporter","2.A.60"
"NP_001034564","organic anion transporter member 6b1","","OAT","The Organo Anion Transporter (OAT) Family","Secondary Transporter","2.A.60"
"NP_001074787","organic anion transporter member 1a5","","OAT","The Organo Anion Transporter (OAT) Family","Secondary Transporter","2.A.60"
"NP_038825","organic anion transporter member 1a1","","OAT","The Organo Anion Transporter (OAT) Family","Secondary Transporter","2.A.60"
"NP_839953","organic anion transporter member 1b2","","OAT","The Organo Anion Transporter (OAT) Family","Secondary Transporter","2.A.60"
"NP_065241","organic anion transporter member 1b2","","OAT","The Organo Anion Transporter (OAT) Family","Secondary Transporter","2.A.60"
"NP_067446","organic anion transporter member 1c1","","OAT","The Organo Anion Transporter (OAT) Family","Secondary Transporter","2.A.60"
"NP_076207","organic anion transporter member 1a6","","OAT","The Organo Anion Transporter (OAT) Family","Secondary Transporter","2.A.60"
"NP_083218","organic anion transporter member 6c1","","OAT","The Organo Anion Transporter (OAT) Family","Secondary Transporter","2.A.60"
"NP_109612","organic anion transporter member 1a4","","OAT","The Organo Anion Transporter (OAT) Family","Secondary Transporter","2.A.60"
"NP_201571","organic anion transporter member 2a1","","OAT","The Organo Anion Transporter (OAT) Family","Secondary Transporter","2.A.60"
"NP_570931","organic anion transporter member 1a5","","OAT","The Organo Anion Transporter (OAT) Family","Secondary Transporter","2.A.60"
"NP_683735","organic anion transporter member 4a1","","OAT","The Organo Anion Transporter (OAT) Family","Secondary Transporter","2.A.60"
"NP_766246","organic anion transporter member 4c1","","OAT","The Organo Anion Transporter (OAT) Family","Secondary Transporter","2.A.60"
"NP_766429","organic anion transporter member 5a1","","OAT","The Organo Anion Transporter (OAT) Family","Secondary Transporter","2.A.60"
"NP_780525","organic anion transporter member 2b1","","OAT","The Organo Anion Transporter (OAT) Family","Secondary Transporter","2.A.60"
"XP_986841","organic anion transporter member 6d1","","OAT","The Organo Anion Transporter (OAT) Family","Secondary Transporter","2.A.60"
"XP_001475034","organic anion transporter member 6d1","","OAT","The Organo Anion Transporter (OAT) Family","Secondary Transporter","2.A.60"
"XP_129964","organic anion transporter member 6d1","","OAT","The Organo Anion Transporter (OAT) Family","Secondary Transporter","2.A.60"
"XP_915463","organic anion transporter member 6d1","","OAT","The Organo Anion Transporter (OAT) Family","Secondary Transporter","2.A.60"
"XP_913016","organic anion transporter member 1a5","","OAT","The Organo Anion Transporter (OAT) Family","Secondary Transporter","2.A.60"
"XP_978409","organic anion transporter member 1a5","","OAT","The Organo Anion Transporter (OAT) Family","Secondary Transporter","2.A.60"
"XP_914124","organic anion transporter member 6d1","","OAT","The Organo Anion Transporter (OAT) Family","Secondary Transporter","2.A.60"
"XP_986805","organic anion transporter member 6d1","","OAT","The Organo Anion Transporter (OAT) Family","Secondary Transporter","2.A.60"
"NP_666044","organic solute transporter alpha","","OST","The Organic Solute Transporter (OST) Family","Secondary Transporter","2.A.82"
"NP_849264","organic solute transporter beta","","OST","The Organic Solute Transporter (OST) Family","Secondary Transporter","2.A.82"
"NP_001028482","60 KD inner membrane protein OxaA homolog","","Oxa1","The Cytochrome Oxidase Biogenesis (Oxa1) Family","Secondary Transporter","2.A.9"
"NP_081212","60 KD inner membrane protein OxaA homolog","","Oxa1","The Cytochrome Oxidase Biogenesis (Oxa1) Family","Secondary Transporter","2.A.9"
"NP_035524","sodium ion:phosphate symporter 2","","PiT","The Inorganic Phosphate Transporter (PiT) Family","Secondary Transporter","2.A.20"
"NP_056562","sodium ion:phosphate symporter 1","","PiT","The Inorganic Phosphate Transporter (PiT) Family","Secondary Transporter","2.A.20"
"NP_035522","sodium ion:phosphate symporter 2A","","PNaS","The Phosphate:Na+ Symporter (PNaS) Family","Secondary Transporter","2.A.58"
"NP_035532","sodium ion:phosphate symporter 2B","","PNaS","The Phosphate:Na+ Symporter (PNaS) Family","Secondary Transporter","2.A.58"
"NP_543130","sodium ion:phosphate symporter 2C","","PNaS","The Phosphate:Na+ Symporter (PNaS) Family","Secondary Transporter","2.A.58"
"NP_067276","proton:oligopeptide symporter 2","","POT","The Proton-dependent Oligopeptide Transporter (POT) Family","Secondary Transporter","2.A.17"
"NP_075531","proton:oligopeptide symporter 3","","POT","The Proton-dependent Oligopeptide Transporter (POT) Family","Secondary Transporter","2.A.17"
"NP_444309","proton:oligopeptide symporter 1","","POT","The Proton-dependent Oligopeptide Transporter (POT) Family","Secondary Transporter","2.A.17"
"NP_598656","proton:oligopeptide/histidine symporter","","POT","The Proton-dependent Oligopeptide Transporter (POT) Family","Secondary Transporter","2.A.17"
"NP_808455","proton:oligopeptide/histidine symporter","","POT","The Proton-dependent Oligopeptide Transporter (POT) Family","Secondary Transporter","2.A.17"
"NP_085033","thiamine transporter 2","","RFC","The Reduced Folate Carrier (RFC) Family","Secondary Transporter","2.A.48"
"NP_112473","folate transporter 1","","RFC","The Reduced Folate Carrier (RFC) Family","Secondary Transporter","2.A.48"
"NP_473428","thiamine transporter 1","","RFC","The Reduced Folate Carrier (RFC) Family","Secondary Transporter","2.A.48"
"NP_001001144","SREBP cleavage-activating protein","","RND","The Resistance-Nodulation-Cell Division (RND) Superfamily","Secondary Transporter","2.A.6"
"NP_001076811","Patched (Ptc) segmentation polarity protein homolog","","RND","The Resistance-Nodulation-Cell Division (RND) Superfamily","Secondary Transporter","2.A.6"
"NP_032281","3-hydroxy-3-methylglutaryl(HMG)-CoA reductase","","RND","The Resistance-Nodulation-Cell Division (RND) Superfamily","Secondary Transporter","2.A.6"
"NP_032746","Niemann-Pick C1 protein homolog","","RND","The Resistance-Nodulation-Cell Division (RND) Superfamily","Secondary Transporter","2.A.6"
"NP_032983","Patched (Ptc) segmentation polarity protein homolog","","RND","The Resistance-Nodulation-Cell Division (RND) Superfamily","Secondary Transporter","2.A.6"
"NP_032984","Patched (Ptc) segmentation polarity protein homolog","","RND","The Resistance-Nodulation-Cell Division (RND) Superfamily","Secondary Transporter","2.A.6"
"NP_081142","Dispatched protein homolog","","RND","The Resistance-Nodulation-Cell Division (RND) Superfamily","Secondary Transporter","2.A.6"
"NP_733481","Dispatched protein homolog","","RND","The Resistance-Nodulation-Cell Division (RND) Superfamily","Secondary Transporter","2.A.6"
"NP_997125","Niemann-Pick C1 protein homolog","","RND","The Resistance-Nodulation-Cell Division (RND) Superfamily","Secondary Transporter","2.A.6"
"XP_001000454","Patched (Ptc) segmentation polarity protein homolog","","RND","The Resistance-Nodulation-Cell Division (RND) Superfamily","Secondary Transporter","2.A.6"
"XP_001478283","Patched (Ptc) segmentation polarity protein homolog","","RND","The Resistance-Nodulation-Cell Division (RND) Superfamily","Secondary Transporter","2.A.6"
"XP_109751","Patched (Ptc) segmentation polarity protein homolog","","RND","The Resistance-Nodulation-Cell Division (RND) Superfamily","Secondary Transporter","2.A.6"
"XP_917965","Patched (Ptc) segmentation polarity protein homolog","","RND","The Resistance-Nodulation-Cell Division (RND) Superfamily","Secondary Transporter","2.A.6"
"XP_142262","Patched (Ptc) segmentation polarity protein homolog","","RND","The Resistance-Nodulation-Cell Division (RND) Superfamily","Secondary Transporter","2.A.6"
"XP_916412","Patched (Ptc) segmentation polarity protein homolog","","RND","The Resistance-Nodulation-Cell Division (RND) Superfamily","Secondary Transporter","2.A.6"
"NP_001003915","sodium ion:iodide symporter","","SSS","The Solute:Sodium Symporter (SSS) Family","Secondary Transporter","2.A.21"
"NP_001028399","sodium ion:glucose symporter 5","","SSS","The Solute:Sodium Symporter (SSS) Family","Secondary Transporter","2.A.21"
"NP_062784","sodium ion:glucose symporter 1","","SSS","The Solute:Sodium Symporter (SSS) Family","Secondary Transporter","2.A.21"
"NP_071308","sodium ion:choline symporter 1","","SSS","The Solute:Sodium Symporter (SSS) Family","Secondary Transporter","2.A.21"
"NP_075708","sodium ion:glucose symporter 3","","SSS","The Solute:Sodium Symporter (SSS) Family","Secondary Transporter","2.A.21"
"NP_444478","sodium ion:iodide symporter","","SSS","The Solute:Sodium Symporter (SSS) Family","Secondary Transporter","2.A.21"
"NP_573447","sodium ion:glucose symporter 3","","SSS","The Solute:Sodium Symporter (SSS) Family","Secondary Transporter","2.A.21"
"NP_573517","sodium ion:glucose symporter 2","","SSS","The Solute:Sodium Symporter (SSS) Family","Secondary Transporter","2.A.21"
"NP_663398","sodium ion:short chain fatty acid symporter","","SSS","The Solute:Sodium Symporter (SSS) Family","Secondary Transporter","2.A.21"
"NP_663526","sodium ion:glucose symporter","","SSS","The Solute:Sodium Symporter (SSS) Family","Secondary Transporter","2.A.21"
"NP_666310","sodium ion:glucose symporter","","SSS","The Solute:Sodium Symporter (SSS) Family","Secondary Transporter","2.A.21"
"NP_808538","sodium ion:multivitamin symporter","","SSS","The Solute:Sodium Symporter (SSS) Family","Secondary Transporter","2.A.21"
"NP_941037","sodium ion:glucose symporter","","SSS","The Solute:Sodium Symporter (SSS) Family","Secondary Transporter","2.A.21"
"NP_033317","vitamin A transporter/RBP receptor","","STRA6","The Vitamin A Receptor/Transporter (STRA6) Family","Secondary Transporter","2.A.90"
"NP_031911","sulfate:anion exchanger","","SulP","The Sulfate Permease (SulP) Family","Secondary Transporter","2.A.53"
"NP_035997","chloride anion exchanger/Pendrin homolog","","SulP","The Sulfate Permease (SulP) Family","Secondary Transporter","2.A.53"
"NP_067328","chloride anion exchanger","","SulP","The Sulfate Permease (SulP) Family","Secondary Transporter","2.A.53"
"NP_109652","chloride anion exchanger (Prestin)","","SulP","The Sulfate Permease (SulP) Family","Secondary Transporter","2.A.53"
"NP_599252","chloride anion exchanger","","SulP","The Sulfate Permease (SulP) Family","Secondary Transporter","2.A.53"
"NP_666059","sulfate:anion exchanger","","SulP","The Sulfate Permease (SulP) Family","Secondary Transporter","2.A.53"
"NP_666188","chloride anion exchanger","","SulP","The Sulfate Permease (SulP) Family","Secondary Transporter","2.A.53"
"NP_777359","sulfate:anion exchanger","","SulP","The Sulfate Permease (SulP) Family","Secondary Transporter","2.A.53"
"NP_796217","chloride anion exchanger","","SulP","The Sulfate Permease (SulP) Family","Secondary Transporter","2.A.53"
"NP_848858","sulfate:anion exchanger","","SulP","The Sulfate Permease (SulP) Family","Secondary Transporter","2.A.53"
"XP_001472030","chloride anion exchanger","","SulP","The Sulfate Permease (SulP) Family","Secondary Transporter","2.A.53"
"XP_001473722","chloride anion exchanger","","SulP","The Sulfate Permease (SulP) Family","Secondary Transporter","2.A.53"
"XP_001480903","chloride anion exchanger","","SulP","The Sulfate Permease (SulP) Family","Secondary Transporter","2.A.53"
"XP_001473737","chloride anion exchanger","","SulP","The Sulfate Permease (SulP) Family","Secondary Transporter","2.A.53"
"XP_001479434","chloride anion exchanger","","SulP","The Sulfate Permease (SulP) Family","Secondary Transporter","2.A.53"
"NP_001012305","zinc ion","","ZIP","The Zinc (Zn2+)-Iron (Fe2+) Permease (ZIP) Family","Secondary Transporter","2.A.5"
"NP_001034765","zinc ion","","ZIP","The Zinc (Zn2+)-Iron (Fe2+) Permease (ZIP) Family","Secondary Transporter","2.A.5"
"NP_001071177","golgi zinc ion uptake into cytoplasm (SLC39A7)","","ZIP","The Zinc (Zn2+)-Iron (Fe2+) Permease (ZIP) Family","Secondary Transporter","2.A.5"
"NP_032228","golgi zinc ion uptake into cytoplasm (SLC39A7)","","ZIP","The Zinc (Zn2+)-Iron (Fe2+) Permease (ZIP) Family","Secondary Transporter","2.A.5"
"NP_038929","zinc ion","","ZIP","The Zinc (Zn2+)-Iron (Fe2+) Permease (ZIP) Family","Secondary Transporter","2.A.5"
"NP_080504","zinc ion","","ZIP","The Zinc (Zn2+)-Iron (Fe2+) Permease (ZIP) Family","Secondary Transporter","2.A.5"
"NP_080997","zinc ion","","ZIP","The Zinc (Zn2+)-Iron (Fe2+) Permease (ZIP) Family","Secondary Transporter","2.A.5"
"NP_081492","zinc ion","","ZIP","The Zinc (Zn2+)-Iron (Fe2+) Permease (ZIP) Family","Secondary Transporter","2.A.5"
"NP_082327","zinc ion","","ZIP","The Zinc (Zn2+)-Iron (Fe2+) Permease (ZIP) Family","Secondary Transporter","2.A.5"
"NP_082368","zinc ion","","ZIP","The Zinc (Zn2+)-Iron (Fe2+) Permease (ZIP) Family","Secondary Transporter","2.A.5"
"NP_082340","zinc ion","","ZIP","The Zinc (Zn2+)-Iron (Fe2+) Permease (ZIP) Family","Secondary Transporter","2.A.5"
"NP_598896","zinc ion","","ZIP","The Zinc (Zn2+)-Iron (Fe2+) Permease (ZIP) Family","Secondary Transporter","2.A.5"
"NP_631882","zinc ion","","ZIP","The Zinc (Zn2+)-Iron (Fe2+) Permease (ZIP) Family","Secondary Transporter","2.A.5"
"NP_659057","zinc ion","","ZIP","The Zinc (Zn2+)-Iron (Fe2+) Permease (ZIP) Family","Secondary Transporter","2.A.5"
"NP_766241","zinc ion","","ZIP","The Zinc (Zn2+)-Iron (Fe2+) Permease (ZIP) Family","Secondary Transporter","2.A.5"
"XP_001472503","zinc ion","","ZIP","The Zinc (Zn2+)-Iron (Fe2+) Permease (ZIP) Family","Secondary Transporter","2.A.5"
"XP_896313","zinc ion","","ZIP","The Zinc (Zn2+)-Iron (Fe2+) Permease (ZIP) Family","Secondary Transporter","2.A.5"
"XP_001478021","zinc ion","","ZIP","The Zinc (Zn2+)-Iron (Fe2+) Permease (ZIP) Family","Secondary Transporter","2.A.5"
"XP_897669","zinc ion","","ZIP","The Zinc (Zn2+)-Iron (Fe2+) Permease (ZIP) Family","Secondary Transporter","2.A.5"
"XP_911932","zinc ion","","ZIP","The Zinc (Zn2+)-Iron (Fe2+) Permease (ZIP) Family","Secondary Transporter","2.A.5"
"XP_915554","zinc ion","","ZIP","The Zinc (Zn2+)-Iron (Fe2+) Permease (ZIP) Family","Secondary Transporter","2.A.5"
"NP_001026792","? (ABCA17)","ABCA","ABC","The ATP-binding Cassette (ABC) Superfamily","ATP-Dependent","3.A.1"
"NP_001028508","multispecific organic anion/multidrug (ABCC4/MRP-type)","ABCC","ABC","The ATP-binding Cassette (ABC) Superfamily","ATP-Dependent","3.A.1"
"NP_001034670","? (ABCA3)","ABCA","ABC","The ATP-binding Cassette (ABC) Superfamily","ATP-Dependent","3.A.1"
"NP_038883","? (ABCA3)","ABCA","ABC","The ATP-binding Cassette (ABC) Superfamily","ATP-Dependent","3.A.1"
"NP_035641","sulfonylurea receptor 2 (ABCC9/SUR3)","ABCC","ABC","The ATP-binding Cassette (ABC) Superfamily","ATP-Dependent","3.A.1"
"NP_001038185","sulfonylurea receptor 2 (ABCC9/SUR2)","ABCC","ABC","The ATP-binding Cassette (ABC) Superfamily","ATP-Dependent","3.A.1"
"NP_066378","sulfonylurea receptor 2 (ABCC9/SUR4)","ABCC","ABC","The ATP-binding Cassette (ABC) Superfamily","ATP-Dependent","3.A.1"
"NP_066379","sulfonylurea receptor 2 (ABCC9/SUR5)","ABCC","ABC","The ATP-binding Cassette (ABC) Superfamily","ATP-Dependent","3.A.1"
"NP_031404","cholesterol/phospholipid flippase (ABCA4)","ABCA","ABC","The ATP-binding Cassette (ABC) Superfamily","ATP-Dependent","3.A.1"
"NP_031405","? (ABCA2)","ABCA","ABC","The ATP-binding Cassette (ABC) Superfamily","ATP-Dependent","3.A.1"
"NP_031461","long-chain fatty acid (ABCD1/ALDP homolog)","ABCD","ABC","The ATP-binding Cassette (ABC) Superfamily","ATP-Dependent","3.A.1"
"NP_032602","multispecific organic anion/multidrug (ABCC1/MRP-type)","ABCC","ABC","The ATP-binding Cassette (ABC) Superfamily","ATP-Dependent","3.A.1"
"NP_032856","multidrug (P-glycoprotein homolog) (ABCB4/MDR-type)","ABCB","ABC","The ATP-binding Cassette (ABC) Superfamily","ATP-Dependent","3.A.1"
"NP_033017","peroxisomal long chain fatty acids (ABCD3)","ABCD","ABC","The ATP-binding Cassette (ABC) Superfamily","ATP-Dependent","3.A.1"
"NP_033018","peroxisomal long chain fatty acids (ABCD4)","ABCD","ABC","The ATP-binding Cassette (ABC) Superfamily","ATP-Dependent","3.A.1"
"NP_033723","White pigment protein homolog (ABCG1)","ABCG","ABC","The ATP-binding Cassette (ABC) Superfamily","ATP-Dependent","3.A.1"
"NP_035206","short chain fatty acid phosphatidylcholine translocase/multidrug (P-glycoprotein homolog) (ABCB1/MDR-type)","ABCB","ABC","The ATP-binding Cassette (ABC) Superfamily","ATP-Dependent","3.A.1"
"NP_035205","short chain fatty acid phosphatidylcholine translocase/multidrug (P-glycoprotein homolog) (ABCB1/MDR-type)","ABCB","ABC","The ATP-binding Cassette (ABC) Superfamily","ATP-Dependent","3.A.1"
"NP_035640","sulfonylurea receptor 1 (ABCC8)","ABCC","ABC","The ATP-binding Cassette (ABC) Superfamily","ATP-Dependent","3.A.1"
"NP_035660","mitochondrial peptide export (ABCB3/TAP2)","ABCB","ABC","The ATP-binding Cassette (ABC) Superfamily","ATP-Dependent","3.A.1"
"NP_036050","multidrug (ABCG2/PDR-type)","ABCG","ABC","The ATP-binding Cassette (ABC) Superfamily","ATP-Dependent","3.A.1"
"NP_036124","long-chain fatty acid (ABCD2/ALDP homolog)","ABCD","ABC","The ATP-binding Cassette (ABC) Superfamily","ATP-Dependent","3.A.1"
"NP_038482","? (ABCA4)","ABCA","ABC","The ATP-binding Cassette (ABC) Superfamily","ATP-Dependent","3.A.1"
"NP_038711","mitochondrial peptide export (ABCB2/TAP1)","ABCB","ABC","The ATP-binding Cassette (ABC) Superfamily","ATP-Dependent","3.A.1"
"NP_038818","multispecific organic anion/multidrug (ABCC5/MRP-type)","ABCC","ABC","The ATP-binding Cassette (ABC) Superfamily","ATP-Dependent","3.A.1"
"NP_789809","multispecific organic anion/multidrug (ABCC5/MRP-type)","ABCC","ABC","The ATP-binding Cassette (ABC) Superfamily","ATP-Dependent","3.A.1"
"NP_038834","multispecific organic anion/multidrug (ABCC2/MRP-type)","ABCC","ABC","The ATP-binding Cassette (ABC) Superfamily","ATP-Dependent","3.A.1"
"NP_038878","cholesterol/phospholipid flippase (ABCA7)","ABCA","ABC","The ATP-binding Cassette (ABC) Superfamily","ATP-Dependent","3.A.1"
"NP_061265","multispecific organic anion/multidrug (ABCC6/MRP-type)","ABCC","ABC","The ATP-binding Cassette (ABC) Superfamily","ATP-Dependent","3.A.1"
"NP_062425","mitochondrial peptide export (ABCB10/TAP)","ABCB","ABC","The ATP-binding Cassette (ABC) Superfamily","ATP-Dependent","3.A.1"
"NP_063928","mitochondrial peptide export (ABCB9/TAP)","ABCB","ABC","The ATP-binding Cassette (ABC) Superfamily","ATP-Dependent","3.A.1"
"NP_066302","multidrug/organic cation (P-glycoprotein homolog) (ABCB11/MDR-type)","ABCB","ABC","The ATP-binding Cassette (ABC) Superfamily","ATP-Dependent","3.A.1"
"NP_066388","cystic fibrosis transmembrane conductance regulator (ABCC7/CFTR) (cAMP-dependent chloride channel)","ABCC","ABC","The ATP-binding Cassette (ABC) Superfamily","ATP-Dependent","3.A.1"
"NP_076221","mitochondrial half-ABC transporter (ABCB6)","ABCB","ABC","The ATP-binding Cassette (ABC) Superfamily","ATP-Dependent","3.A.1"
"NP_080456","multidrug (ABCG8/PDR-type)","ABCG","ABC","The ATP-binding Cassette (ABC) Superfamily","ATP-Dependent","3.A.1"
"NP_080734","cholesterol/phospholipid flippase (ABCA14)","ABCA","ABC","The ATP-binding Cassette (ABC) Superfamily","ATP-Dependent","3.A.1"
"NP_083296","mitochondrial peptide export (ABCB8/TAP)","ABCB","ABC","The ATP-binding Cassette (ABC) Superfamily","ATP-Dependent","3.A.1"
"NP_083876","multispecific organic anion/multidrug (ABCC3/MRP-type)","ABCC","ABC","The ATP-binding Cassette (ABC) Superfamily","ATP-Dependent","3.A.1"
"NP_084515","multidrug (ABCG2/PDR-type)","ABCG","ABC","The ATP-binding Cassette (ABC) Superfamily","ATP-Dependent","3.A.1"
"NP_114090","multidrug/sterol (ABCG5/PDR-type)","ABCG","ABC","The ATP-binding Cassette (ABC) Superfamily","ATP-Dependent","3.A.1"
"NP_620405","White pigment protein homolog (ABCG4)","ABCG","ABC","The ATP-binding Cassette (ABC) Superfamily","ATP-Dependent","3.A.1"
"NP_660122","multispecific organic anion/multidrug (ABCC10/MRP-type)","ABCC","ABC","The ATP-binding Cassette (ABC) Superfamily","ATP-Dependent","3.A.1"
"NP_733780","multispecific organic anion/multidrug (ABCC10/MRP-type)","ABCC","ABC","The ATP-binding Cassette (ABC) Superfamily","ATP-Dependent","3.A.1"
"NP_671751","? (ABCA6)","ABCA","ABC","The ATP-binding Cassette (ABC) Superfamily","ATP-Dependent","3.A.1"
"NP_671752","? (ABCA5)","ABCA","ABC","The ATP-binding Cassette (ABC) Superfamily","ATP-Dependent","3.A.1"
"NP_671753","? (ABCA9)","ABCA","ABC","The ATP-binding Cassette (ABC) Superfamily","ATP-Dependent","3.A.1"
"NP_694785","? (ABCA8)","ABCA","ABC","The ATP-binding Cassette (ABC) Superfamily","ATP-Dependent","3.A.1"
"NP_038879","? (ABCA8)","ABCA","ABC","The ATP-binding Cassette (ABC) Superfamily","ATP-Dependent","3.A.1"
"NP_766500","multispecific organic anion/multidrug/cyclic nucleotide (ABCC12/MRP-type)","ABCC","ABC","The ATP-binding Cassette (ABC) Superfamily","ATP-Dependent","3.A.1"
"NP_796187","? (ABCA15)","ABCA","ABC","The ATP-binding Cassette (ABC) Superfamily","ATP-Dependent","3.A.1"
"NP_839990","? (ABCA13)","ABCA","ABC","The ATP-binding Cassette (ABC) Superfamily","ATP-Dependent","3.A.1"
"NP_997013","? (ABCA16)","ABCA","ABC","The ATP-binding Cassette (ABC) Superfamily","ATP-Dependent","3.A.1"
"XP_992319","? (ABCA12)","ABCA","ABC","The ATP-binding Cassette (ABC) Superfamily","ATP-Dependent","3.A.1"
"XP_001002308","? (ABCA12)","ABCA","ABC","The ATP-binding Cassette (ABC) Superfamily","ATP-Dependent","3.A.1"
"XP_001002680","mitochondrial peptide export (ABCB4/TAP)","ABCB","ABC","The ATP-binding Cassette (ABC) Superfamily","ATP-Dependent","3.A.1"
"XP_911725","mitochondrial peptide export (ABCB5/TAP)","ABCB","ABC","The ATP-binding Cassette (ABC) Superfamily","ATP-Dependent","3.A.1"
"XP_001474955","multispecific organic anion/multidrug/cyclic nucleotide (ABCC12/MRP-type)","ABCC","ABC","The ATP-binding Cassette (ABC) Superfamily","ATP-Dependent","3.A.1"
"XP_001477700","? (ABCA14)","ABCA","ABC","The ATP-binding Cassette (ABC) Superfamily","ATP-Dependent","3.A.1"
"XP_001478947","? (ABCA14)","ABCA","ABC","The ATP-binding Cassette (ABC) Superfamily","ATP-Dependent","3.A.1"
"XP_001480331","mitochondrial peptide export (ABCB10/TAP)","ABCB","ABC","The ATP-binding Cassette (ABC) Superfamily","ATP-Dependent","3.A.1"
"XP_001480335","mitochondrial peptide export (ABCB10/TAP)","ABCB","ABC","The ATP-binding Cassette (ABC) Superfamily","ATP-Dependent","3.A.1"
"XP_001481309","? (ABCA4)","ABCA","ABC","The ATP-binding Cassette (ABC) Superfamily","ATP-Dependent","3.A.1"
"XP_912397","mitochondrial iron transporter(ABCB7/ATM1)","ABCB","ABC","The ATP-binding Cassette (ABC) Superfamily","ATP-Dependent","3.A.1"
"XP_925448","mitochondrial iron transporter(ABCB7/ATM1)","ABCB","ABC","The ATP-binding Cassette (ABC) Superfamily","ATP-Dependent","3.A.1"
"XP_921757","White pigment protein homolog (ABCG4)","ABCG","ABC","The ATP-binding Cassette (ABC) Superfamily","ATP-Dependent","3.A.1"
"NP_062626","arsenite (ArsA)","","ArsAB","The Arsenite-Antimonite (ArsAB) Efflux Family","ATP-Dependent","3.A.4"
"XP_911178","protons (mitochondrial)","","F-ATPase","The H+- or Na+-translocating F-type, V-type and A-type ATPase (F-ATPase) Superfamily","ATP-Dependent","3.A.2"
"NP_031531","protons (mitochondrial)","","F-ATPase","The H+- or Na+-translocating F-type, V-type and A-type ATPase (F-ATPase) Superfamily","ATP-Dependent","3.A.2"
"XP_001472561","protons (mitochondrial)","","F-ATPase","The H+- or Na+-translocating F-type, V-type and A-type ATPase (F-ATPase) Superfamily","ATP-Dependent","3.A.2"
"NP_080259","protons (mitochondrial)","","F-ATPase","The H+- or Na+-translocating F-type, V-type and A-type ATPase (F-ATPase) Superfamily","ATP-Dependent","3.A.2"
"XP_918900","protons (mitochondrial)","","F-ATPase","The H+- or Na+-translocating F-type, V-type and A-type ATPase (F-ATPase) Superfamily","ATP-Dependent","3.A.2"
"NP_031532","protons (mitochondrial)","","F-ATPase","The H+- or Na+-translocating F-type, V-type and A-type ATPase (F-ATPase) Superfamily","ATP-Dependent","3.A.2"
"XP_001480269","protons (mitochondrial)","","F-ATPase","The H+- or Na+-translocating F-type, V-type and A-type ATPase (F-ATPase) Superfamily","ATP-Dependent","3.A.2"
"XP_001472743","protons (mitochondrial)","","F-ATPase","The H+- or Na+-translocating F-type, V-type and A-type ATPase (F-ATPase) Superfamily","ATP-Dependent","3.A.2"
"NP_080744","protons (mitochondrial)","","F-ATPase","The H+- or Na+-translocating F-type, V-type and A-type ATPase (F-ATPase) Superfamily","ATP-Dependent","3.A.2"
"XP_001474573","protons (mitochondrial)","","F-ATPase","The H+- or Na+-translocating F-type, V-type and A-type ATPase (F-ATPase) Superfamily","ATP-Dependent","3.A.2"
"XP_922252","protons (mitochondrial)","","F-ATPase","The H+- or Na+-translocating F-type, V-type and A-type ATPase (F-ATPase) Superfamily","ATP-Dependent","3.A.2"
"NP_904333","protons (mitochondrial)","","F-ATPase","The H+- or Na+-translocating F-type, V-type and A-type ATPase (F-ATPase) Superfamily","ATP-Dependent","3.A.2"
"XP_001481230","protons (mitochondrial)","","F-ATPase","The H+- or Na+-translocating F-type, V-type and A-type ATPase (F-ATPase) Superfamily","ATP-Dependent","3.A.2"
"NP_058054","protons (mitochondrial)","","F-ATPase","The H+- or Na+-translocating F-type, V-type and A-type ATPase (F-ATPase) Superfamily","ATP-Dependent","3.A.2"
"NP_082138","protons (mitochondrial)","","F-ATPase","The H+- or Na+-translocating F-type, V-type and A-type ATPase (F-ATPase) Superfamily","ATP-Dependent","3.A.2"
"XP_001476530","protons (mitochondrial)","","F-ATPase","The H+- or Na+-translocating F-type, V-type and A-type ATPase (F-ATPase) Superfamily","ATP-Dependent","3.A.2"
"XP_995005","protons (mitochondrial)","","F-ATPase","The H+- or Na+-translocating F-type, V-type and A-type ATPase (F-ATPase) Superfamily","ATP-Dependent","3.A.2"
"XP_001472331","protons (mitochondrial)","","F-ATPase","The H+- or Na+-translocating F-type, V-type and A-type ATPase (F-ATPase) Superfamily","ATP-Dependent","3.A.2"
"XP_136323","protons (mitochondrial)","","F-ATPase","The H+- or Na+-translocating F-type, V-type and A-type ATPase (F-ATPase) Superfamily","ATP-Dependent","3.A.2"
"XP_997887","protons (mitochondrial)","","F-ATPase","The H+- or Na+-translocating F-type, V-type and A-type ATPase (F-ATPase) Superfamily","ATP-Dependent","3.A.2"
"XP_001472344","protons (mitochondrial)","","F-ATPase","The H+- or Na+-translocating F-type, V-type and A-type ATPase (F-ATPase) Superfamily","ATP-Dependent","3.A.2"
"NP_079589","protons (mitochondrial)","","F-ATPase","The H+- or Na+-translocating F-type, V-type and A-type ATPase (F-ATPase) Superfamily","ATP-Dependent","3.A.2"
"XP_484160","protons (mitochondrial)","","F-ATPase","The H+- or Na+-translocating F-type, V-type and A-type ATPase (F-ATPase) Superfamily","ATP-Dependent","3.A.2"
"NP_613063","protons (mitochondrial)","","F-ATPase","The H+- or Na+-translocating F-type, V-type and A-type ATPase (F-ATPase) Superfamily","ATP-Dependent","3.A.2"
"XP_001478145","protons (mitochondrial)","","F-ATPase","The H+- or Na+-translocating F-type, V-type and A-type ATPase (F-ATPase) Superfamily","ATP-Dependent","3.A.2"
"NP_033855","protons (mitochondrial)","","F-ATPase","The H+- or Na+-translocating F-type, V-type and A-type ATPase (F-ATPase) Superfamily","ATP-Dependent","3.A.2"
"XP_891471","protons (mitochondrial)","","F-ATPase","The H+- or Na+-translocating F-type, V-type and A-type ATPase (F-ATPase) Superfamily","ATP-Dependent","3.A.2"
"NP_778180","protons (mitochondrial)","","F-ATPase","The H+- or Na+-translocating F-type, V-type and A-type ATPase (F-ATPase) Superfamily","ATP-Dependent","3.A.2"
"NP_065640","protons (mitochondrial)","","F-ATPase","The H+- or Na+-translocating F-type, V-type and A-type ATPase (F-ATPase) Superfamily","ATP-Dependent","3.A.2"
"XP_001478169","protons (mitochondrial)","","F-ATPase","The H+- or Na+-translocating F-type, V-type and A-type ATPase (F-ATPase) Superfamily","ATP-Dependent","3.A.2"
"XP_001472543","protons (mitochondrial)","","F-ATPase","The H+- or Na+-translocating F-type, V-type and A-type ATPase (F-ATPase) Superfamily","ATP-Dependent","3.A.2"
"NP_079770","protons (vacuolar)","","F-ATPase","The H+- or Na+-translocating F-type, V-type and A-type ATPase (F-ATPase) Superfamily","ATP-Dependent","3.A.2"
"NP_780615","protons (vacuolar)","","F-ATPase","The H+- or Na+-translocating F-type, V-type and A-type ATPase (F-ATPase) Superfamily","ATP-Dependent","3.A.2"
"NP_075668","protons (vacuolar)","","F-ATPase","The H+- or Na+-translocating F-type, V-type and A-type ATPase (F-ATPase) Superfamily","ATP-Dependent","3.A.2"
"XP_001479600","protons (vacuolar)","","F-ATPase","The H+- or Na+-translocating F-type, V-type and A-type ATPase (F-ATPase) Superfamily","ATP-Dependent","3.A.2"
"NP_598460","protons (vacuolar)","","F-ATPase","The H+- or Na+-translocating F-type, V-type and A-type ATPase (F-ATPase) Superfamily","ATP-Dependent","3.A.2"
"NP_035726","protons (vacuolar)","","F-ATPase","The H+- or Na+-translocating F-type, V-type and A-type ATPase (F-ATPase) Superfamily","ATP-Dependent","3.A.2"
"NP_796371","protons (vacuolar)","","F-ATPase","The H+- or Na+-translocating F-type, V-type and A-type ATPase (F-ATPase) Superfamily","ATP-Dependent","3.A.2"
"NP_076210","protons (vacuolar)","","F-ATPase","The H+- or Na+-translocating F-type, V-type and A-type ATPase (F-ATPase) Superfamily","ATP-Dependent","3.A.2"
"NP_598525","protons (vacuolar)","","F-ATPase","The H+- or Na+-translocating F-type, V-type and A-type ATPase (F-ATPase) Superfamily","ATP-Dependent","3.A.2"
"NP_038505","protons (vacuolar)","","F-ATPase","The H+- or Na+-translocating F-type, V-type and A-type ATPase (F-ATPase) Superfamily","ATP-Dependent","3.A.2"
"NP_031534","protons (vacuolar)","","F-ATPase","The H+- or Na+-translocating F-type, V-type and A-type ATPase (F-ATPase) Superfamily","ATP-Dependent","3.A.2"
"NP_077135","protons (vacuolar)","","F-ATPase","The H+- or Na+-translocating F-type, V-type and A-type ATPase (F-ATPase) Superfamily","ATP-Dependent","3.A.2"
"NP_598587","protons (vacuolar)","","F-ATPase","The H+- or Na+-translocating F-type, V-type and A-type ATPase (F-ATPase) Superfamily","ATP-Dependent","3.A.2"
"XP_001473541","protons (vacuolar)","","F-ATPase","The H+- or Na+-translocating F-type, V-type and A-type ATPase (F-ATPase) Superfamily","ATP-Dependent","3.A.2"
"NP_031535","protons (vacuolar)","","F-ATPase","The H+- or Na+-translocating F-type, V-type and A-type ATPase (F-ATPase) Superfamily","ATP-Dependent","3.A.2"
"NP_079548","protons (vacuolar)","","F-ATPase","The H+- or Na+-translocating F-type, V-type and A-type ATPase (F-ATPase) Superfamily","ATP-Dependent","3.A.2"
"NP_598918","protons (vacuolar)","","F-ATPase","The H+- or Na+-translocating F-type, V-type and A-type ATPase (F-ATPase) Superfamily","ATP-Dependent","3.A.2"
"NP_058616","protons (vacuolar)","","F-ATPase","The H+- or Na+-translocating F-type, V-type and A-type ATPase (F-ATPase) Superfamily","ATP-Dependent","3.A.2"
"NP_083397","protons (vacuolar)","","F-ATPase","The H+- or Na+-translocating F-type, V-type and A-type ATPase (F-ATPase) Superfamily","ATP-Dependent","3.A.2"
"XP_001477166","protons (vacuolar)","","F-ATPase","The H+- or Na+-translocating F-type, V-type and A-type ATPase (F-ATPase) Superfamily","ATP-Dependent","3.A.2"
"NP_031536","protons (vacuolar)","","F-ATPase","The H+- or Na+-translocating F-type, V-type and A-type ATPase (F-ATPase) Superfamily","ATP-Dependent","3.A.2"
"NP_058617","protons (vacuolar)","","F-ATPase","The H+- or Na+-translocating F-type, V-type and A-type ATPase (F-ATPase) Superfamily","ATP-Dependent","3.A.2"
"NP_291095","protons (vacuolar)","","F-ATPase","The H+- or Na+-translocating F-type, V-type and A-type ATPase (F-ATPase) Superfamily","ATP-Dependent","3.A.2"
"XP_001472422","protons (vacuolar)","","F-ATPase","The H+- or Na+-translocating F-type, V-type and A-type ATPase (F-ATPase) Superfamily","ATP-Dependent","3.A.2"
"NP_079657","protons (vacuolar)","","F-ATPase","The H+- or Na+-translocating F-type, V-type and A-type ATPase (F-ATPase) Superfamily","ATP-Dependent","3.A.2"
"NP_536715","protons (vacuolar)","","F-ATPase","The H+- or Na+-translocating F-type, V-type and A-type ATPase (F-ATPase) Superfamily","ATP-Dependent","3.A.2"
"NP_033859","protons (vacuolar)","","F-ATPase","The H+- or Na+-translocating F-type, V-type and A-type ATPase (F-ATPase) Superfamily","ATP-Dependent","3.A.2"
"NP_033299","signal recognition particle (SRP14)","","IISP","The Type II (General) Secretory Pathway (IISP) Family","ATP-Dependent","3.A.5"
"NP_033301","signal recognition particle receptor beta subunit (SR-beta)","","IISP","The Type II (General) Secretory Pathway (IISP) Family","ATP-Dependent","3.A.5"
"NP_035473","protein transport protein Sec61 gamma subunit","","IISP","The Type II (General) Secretory Pathway (IISP) Family","ATP-Dependent","3.A.5"
"NP_036029","signal recognition particle (SRP54)","","IISP","The Type II (General) Secretory Pathway (IISP) Family","ATP-Dependent","3.A.5"
"NP_036188","signal recognition particle (SRP9)","","IISP","The Type II (General) Secretory Pathway (IISP) Family","ATP-Dependent","3.A.5"
"NP_058602","preprotein translocase Sec61 alpha subunit","","IISP","The Type II (General) Secretory Pathway (IISP) Family","ATP-Dependent","3.A.5"
"NP_067280","preprotein translocase Sec61 alpha subunit","","IISP","The Type II (General) Secretory Pathway (IISP) Family","ATP-Dependent","3.A.5"
"NP_077133","preprotein translocase Sec61 beta subunit","","IISP","The Type II (General) Secretory Pathway (IISP) Family","ATP-Dependent","3.A.5"
"NP_079803","signal recognition particle (SRP19)","","IISP","The Type II (General) Secretory Pathway (IISP) Family","ATP-Dependent","3.A.5"
"NP_079967","signal recognition particle (SRP72)","","IISP","The Type II (General) Secretory Pathway (IISP) Family","ATP-Dependent","3.A.5"
"NP_080406","signal recognition particle receptor alpha subunit (SR-alpha)","","IISP","The Type II (General) Secretory Pathway (IISP) Family","ATP-Dependent","3.A.5"
"NP_666144","signal recognition particle 68 kDa protein (SRP68)","","IISP","The Type II (General) Secretory Pathway (IISP) Family","ATP-Dependent","3.A.5"
"NP_694695","translocation protein Sec63","","IISP","The Type II (General) Secretory Pathway (IISP) Family","ATP-Dependent","3.A.5"
"XP_001473350","preprotein translocase Sec61 beta subunit","","IISP","The Type II (General) Secretory Pathway (IISP) Family","ATP-Dependent","3.A.5"
"XP_001473383","protein transport protein Sec61 gamma subunit","","IISP","The Type II (General) Secretory Pathway (IISP) Family","ATP-Dependent","3.A.5"
"XP_001473751","protein transport protein Sec61 gamma subunit","","IISP","The Type II (General) Secretory Pathway (IISP) Family","ATP-Dependent","3.A.5"
"XP_001475587","protein transport protein Sec61 gamma subunit","","IISP","The Type II (General) Secretory Pathway (IISP) Family","ATP-Dependent","3.A.5"
"XP_001475666","protein transport protein Sec61 gamma subunit","","IISP","The Type II (General) Secretory Pathway (IISP) Family","ATP-Dependent","3.A.5"
"XP_001476794","preprotein translocase Sec61 beta subunit","","IISP","The Type II (General) Secretory Pathway (IISP) Family","ATP-Dependent","3.A.5"
"XP_001476807","protein transport protein Sec61 gamma subunit","","IISP","The Type II (General) Secretory Pathway (IISP) Family","ATP-Dependent","3.A.5"
"XP_001476947","protein transport protein Sec61 gamma subunit","","IISP","The Type II (General) Secretory Pathway (IISP) Family","ATP-Dependent","3.A.5"
"XP_001477914","preprotein translocase Sec61 beta subunit","","IISP","The Type II (General) Secretory Pathway (IISP) Family","ATP-Dependent","3.A.5"
"XP_001478183","protein transport protein Sec61 gamma subunit","","IISP","The Type II (General) Secretory Pathway (IISP) Family","ATP-Dependent","3.A.5"
"XP_001478570","protein transport protein Sec61 gamma subunit","","IISP","The Type II (General) Secretory Pathway (IISP) Family","ATP-Dependent","3.A.5"
"XP_001479109","signal recognition particle (SRP54)","","IISP","The Type II (General) Secretory Pathway (IISP) Family","ATP-Dependent","3.A.5"
"XP_981485","signal recognition particle (SRP54)","","IISP","The Type II (General) Secretory Pathway (IISP) Family","ATP-Dependent","3.A.5"
"XP_001479532","protein transport protein Sec61 gamma subunit","","IISP","The Type II (General) Secretory Pathway (IISP) Family","ATP-Dependent","3.A.5"
"XP_001480211","protein transport protein Sec61 gamma subunit","","IISP","The Type II (General) Secretory Pathway (IISP) Family","ATP-Dependent","3.A.5"
"XP_001480688","protein transport protein Sec61 gamma subunit","","IISP","The Type II (General) Secretory Pathway (IISP) Family","ATP-Dependent","3.A.5"
"XP_914404","preprotein translocase Sec61 beta subunit","","IISP","The Type II (General) Secretory Pathway (IISP) Family","ATP-Dependent","3.A.5"
"XP_620236","preprotein translocase Sec61 beta subunit","","IISP","The Type II (General) Secretory Pathway (IISP) Family","ATP-Dependent","3.A.5"
"XP_912247","protein transport protein Sec61 gamma subunit","","IISP","The Type II (General) Secretory Pathway (IISP) Family","ATP-Dependent","3.A.5"
"XP_917859","preprotein translocase Sec61 beta subunit","","IISP","The Type II (General) Secretory Pathway (IISP) Family","ATP-Dependent","3.A.5"
"NP_001032247","outer membrane translocase Tom40 (import)","","MPT","The Mitochondrial Protein Translocase (MPT) Family","ATP-Dependent","3.A.8"
"NP_001032833","inner membrane translocase (import) Tim8","","MPT","The Mitochondrial Protein Translocase (MPT) Family","ATP-Dependent","3.A.8"
"NP_035720","inner membrane translocase (import) Tim17","","MPT","The Mitochondrial Protein Translocase (MPT) Family","ATP-Dependent","3.A.8"
"NP_035721","inner membrane translocase (import) Tim17","","MPT","The Mitochondrial Protein Translocase (MPT) Family","ATP-Dependent","3.A.8"
"NP_035722","inner membrane translocase (import) Tim44","","MPT","The Mitochondrial Protein Translocase (MPT) Family","ATP-Dependent","3.A.8"
"NP_038923","inner membrane translocase (import) Tim13","","MPT","The Mitochondrial Protein Translocase (MPT) Family","ATP-Dependent","3.A.8"
"NP_038926","inner membrane translocase (import) Tim 8","","MPT","The Mitochondrial Protein Translocase (MPT) Family","ATP-Dependent","3.A.8"
"NP_058567","outer membrane translocase (import) Tom40","","MPT","The Mitochondrial Protein Translocase (MPT) Family","ATP-Dependent","3.A.8"
"NP_058593","inner mitochondrial membrane translocase Tim23","","MPT","The Mitochondrial Protein Translocase (MPT) Family","ATP-Dependent","3.A.8"
"NP_062792","inner membrane translocase (import) Tim22","","MPT","The Mitochondrial Protein Translocase (MPT) Family","ATP-Dependent","3.A.8"
"NP_067271","Mge1 homolog (motor component)","","MPT","The Mitochondrial Protein Translocase (MPT) Family","ATP-Dependent","3.A.8"
"NP_077176","outer membrane translocase Tom20 (import)","","MPT","The Mitochondrial Protein Translocase (MPT) Family","ATP-Dependent","3.A.8"
"NP_077798","Mge1 homolog (motor component)","","MPT","The Mitochondrial Protein Translocase (MPT) Family","ATP-Dependent","3.A.8"
"NP_079670","outer membrane translocase Tom7 (import)","","MPT","The Mitochondrial Protein Translocase (MPT) Family","ATP-Dependent","3.A.8"
"NP_079892","inner membrane translocase (import) Tim50","","MPT","The Mitochondrial Protein Translocase (MPT) Family","ATP-Dependent","3.A.8"
"NP_080245","inner membrane translocase (import) Tim21","","MPT","The Mitochondrial Protein Translocase (MPT) Family","ATP-Dependent","3.A.8"
"NP_080272","outer membrane translocase (import) Tom34","","MPT","The Mitochondrial Protein Translocase (MPT) Family","ATP-Dependent","3.A.8"
"NP_598689","inner membrane translocase (import) Tim40","","MPT","The Mitochondrial Protein Translocase (MPT) Family","ATP-Dependent","3.A.8"
"NP_613065","outer membrane translocase (import) Tom70","","MPT","The Mitochondrial Protein Translocase (MPT) Family","ATP-Dependent","3.A.8"
"NP_766197","outer membrane translocase (import) Tom22","","MPT","The Mitochondrial Protein Translocase (MPT) Family","ATP-Dependent","3.A.8"
"XP_001472235","inner membrane translocase (import) Tim23","","MPT","The Mitochondrial Protein Translocase (MPT) Family","ATP-Dependent","3.A.8"
"XP_001472442","inner membrane translocase (import) Tim23","","MPT","The Mitochondrial Protein Translocase (MPT) Family","ATP-Dependent","3.A.8"
"XP_001472807","outer membrane translocase (import) Tom20","","MPT","The Mitochondrial Protein Translocase (MPT) Family","ATP-Dependent","3.A.8"
"XP_001472881","inner membrane translocase (import) Tim8","","MPT","The Mitochondrial Protein Translocase (MPT) Family","ATP-Dependent","3.A.8"
"XP_001473605","inner membrane translocase (import) Tim23","","MPT","The Mitochondrial Protein Translocase (MPT) Family","ATP-Dependent","3.A.8"
"XP_619558","inner membrane translocase (import) Tim23","","MPT","The Mitochondrial Protein Translocase (MPT) Family","ATP-Dependent","3.A.8"
"XP_001473691","inner membrane translocase (import) Tim8","","MPT","The Mitochondrial Protein Translocase (MPT) Family","ATP-Dependent","3.A.8"
"XP_001475586","outer membrane translocase (import) Tom20","","MPT","The Mitochondrial Protein Translocase (MPT) Family","ATP-Dependent","3.A.8"
"XP_001477017","inner membrane translocase (import) Tim23","","MPT","The Mitochondrial Protein Translocase (MPT) Family","ATP-Dependent","3.A.8"
"XP_001477943","outer membrane translocase Tom22 (import)","","MPT","The Mitochondrial Protein Translocase (MPT) Family","ATP-Dependent","3.A.8"
"XP_001479063","inner membrane translocase (import) Tim23","","MPT","The Mitochondrial Protein Translocase (MPT) Family","ATP-Dependent","3.A.8"
"XP_001479128","outer membrane translocase (import) Tom7","","MPT","The Mitochondrial Protein Translocase (MPT) Family","ATP-Dependent","3.A.8"
"XP_920030","outer membrane translocase (import) Tom22","","MPT","The Mitochondrial Protein Translocase (MPT) Family","ATP-Dependent","3.A.8"
"XP_001479750","outer membrane translocase (import) Tom22","","MPT","The Mitochondrial Protein Translocase (MPT) Family","ATP-Dependent","3.A.8"
"XP_001480671","inner membrane translocase (import) Tim23","","MPT","The Mitochondrial Protein Translocase (MPT) Family","ATP-Dependent","3.A.8"
"XP_001481177","outer membrane translocase (import) Tom20","","MPT","The Mitochondrial Protein Translocase (MPT) Family","ATP-Dependent","3.A.8"
"XP_921148","outer membrane translocase (import) Tom22","","MPT","The Mitochondrial Protein Translocase (MPT) Family","ATP-Dependent","3.A.8"
"XP_485426","outer membrane translocase (import) Tom22","","MPT","The Mitochondrial Protein Translocase (MPT) Family","ATP-Dependent","3.A.8"
"XP_987736","inner membrane translocase (import) Tim17","","MPT","The Mitochondrial Protein Translocase (MPT) Family","ATP-Dependent","3.A.8"
"XP_917073","inner membrane translocase (import) Tim17","","MPT","The Mitochondrial Protein Translocase (MPT) Family","ATP-Dependent","3.A.8"
"NP_001001488","phospholipid","","P-ATPase","The P-type ATPase (P-ATPase) Superfamily","ATP-Dependent","3.A.3"
"NP_001032952","phospholipid","","P-ATPase","The P-type ATPase (P-ATPase) Superfamily","ATP-Dependent","3.A.3"
"NP_001001798","phospholipid","","P-ATPase","The P-type ATPase (P-ATPase) Superfamily","ATP-Dependent","3.A.3"
"NP_001031761","calcium ion","","P-ATPase","The P-type ATPase (P-ATPase) Superfamily","ATP-Dependent","3.A.3"
"NP_033853","calcium ion","","P-ATPase","The P-type ATPase (P-ATPase) Superfamily","ATP-Dependent","3.A.3"
"NP_033857","phospholipid","","P-ATPase","The P-type ATPase (P-ATPase) Superfamily","ATP-Dependent","3.A.3"
"NP_001034088","phospholipid","","P-ATPase","The P-type ATPase (P-ATPase) Superfamily","ATP-Dependent","3.A.3"
"NP_001074413","phospholipid","","P-ATPase","The P-type ATPase (P-ATPase) Superfamily","ATP-Dependent","3.A.3"
"NP_001074651","phospholipid","","P-ATPase","The P-type ATPase (P-ATPase) Superfamily","ATP-Dependent","3.A.3"
"NP_031528","sodium ion:potassium ion antiporter","","P-ATPase","The P-type ATPase (P-ATPase) Superfamily","ATP-Dependent","3.A.3"
"NP_031530","calcium ion","","P-ATPase","The P-type ATPase (P-ATPase) Superfamily","ATP-Dependent","3.A.3"
"NP_031537","copper ion","","P-ATPase","The P-type ATPase (P-ATPase) Superfamily","ATP-Dependent","3.A.3"
"NP_033851","sodium ion:potassium ion antiporter","","P-ATPase","The P-type ATPase (P-ATPase) Superfamily","ATP-Dependent","3.A.3"
"NP_033852","calcium ion","","P-ATPase","The P-type ATPase (P-ATPase) Superfamily","ATP-Dependent","3.A.3"
"NP_033854","sodium ion:potassium ion antiporter","","P-ATPase","The P-type ATPase (P-ATPase) Superfamily","ATP-Dependent","3.A.3"
"NP_033856","copper ion","","P-ATPase","The P-type ATPase (P-ATPase) Superfamily","ATP-Dependent","3.A.3"
"NP_033858","phospholipid","","P-ATPase","The P-type ATPase (P-ATPase) Superfamily","ATP-Dependent","3.A.3"
"NP_038201","sodium ion:potassium ion antiporter","","P-ATPase","The P-type ATPase (P-ATPase) Superfamily","ATP-Dependent","3.A.3"
"NP_056546","phospholipid","","P-ATPase","The P-type ATPase (P-ATPase) Superfamily","ATP-Dependent","3.A.3"
"NP_056618","phospholipid","","P-ATPase","The P-type ATPase (P-ATPase) Superfamily","ATP-Dependent","3.A.3"
"NP_056619","phospholipid","","P-ATPase","The P-type ATPase (P-ATPase) Superfamily","ATP-Dependent","3.A.3"
"NP_056620","phospholipid","","P-ATPase","The P-type ATPase (P-ATPase) Superfamily","ATP-Dependent","3.A.3"
"NP_058025","calcium ion","","P-ATPase","The P-type ATPase (P-ATPase) Superfamily","ATP-Dependent","3.A.3"
"NP_061201","proton:potassium ion antiporter","","P-ATPase","The P-type ATPase (P-ATPase) Superfamily","ATP-Dependent","3.A.3"
"NP_080370","phospholipid","","P-ATPase","The P-type ATPase (P-ATPase) Superfamily","ATP-Dependent","3.A.3"
"NP_080758","calcium ion","","P-ATPase","The P-type ATPase (P-ATPase) Superfamily","ATP-Dependent","3.A.3"
"NP_083373","cation","","P-ATPase","The P-type ATPase (P-ATPase) Superfamily","ATP-Dependent","3.A.3"
"NP_083846","phospholipid","","P-ATPase","The P-type ATPase (P-ATPase) Superfamily","ATP-Dependent","3.A.3"
"NP_573487","cation","","P-ATPase","The P-type ATPase (P-ATPase) Superfamily","ATP-Dependent","3.A.3"
"NP_598451","sodium ion/proton:potassium ion antiporter","","P-ATPase","The P-type ATPase (P-ATPase) Superfamily","ATP-Dependent","3.A.3"
"NP_619593","proton:potassium ion antiporter","","P-ATPase","The P-type ATPase (P-ATPase) Superfamily","ATP-Dependent","3.A.3"
"NP_659149","sodium ion:potassium ion antiporter","","P-ATPase","The P-type ATPase (P-ATPase) Superfamily","ATP-Dependent","3.A.3"
"NP_659170","sodium ion:potassium ion antiporter","","P-ATPase","The P-type ATPase (P-ATPase) Superfamily","ATP-Dependent","3.A.3"
"NP_700438","phospholipid","","P-ATPase","The P-type ATPase (P-ATPase) Superfamily","ATP-Dependent","3.A.3"
"NP_766201","cation","","P-ATPase","The P-type ATPase (P-ATPase) Superfamily","ATP-Dependent","3.A.3"
"NP_778190","calcium ion/manganese ion","","P-ATPase","The P-type ATPase (P-ATPase) Superfamily","ATP-Dependent","3.A.3"
"NP_783581","cation","","P-ATPase","The P-type ATPase (P-ATPase) Superfamily","ATP-Dependent","3.A.3"
"NP_795973","phospholipid","","P-ATPase","The P-type ATPase (P-ATPase) Superfamily","ATP-Dependent","3.A.3"
"NP_796169","phospholipid","","P-ATPase","The P-type ATPase (P-ATPase) Superfamily","ATP-Dependent","3.A.3"
"NP_796210","calcium ion","","P-ATPase","The P-type ATPase (P-ATPase) Superfamily","ATP-Dependent","3.A.3"
"NP_848492","sodium ion:potassium ion antiporter","","P-ATPase","The P-type ATPase (P-ATPase) Superfamily","ATP-Dependent","3.A.3"
"NP_998781","calcium ion","","P-ATPase","The P-type ATPase (P-ATPase) Superfamily","ATP-Dependent","3.A.3"
"XP_001474038","phospholipid","","P-ATPase","The P-type ATPase (P-ATPase) Superfamily","ATP-Dependent","3.A.3"
"XP_001475265","calcium ion/manganese ion","","P-ATPase","The P-type ATPase (P-ATPase) Superfamily","ATP-Dependent","3.A.3"
"XP_001481011","cation","","P-ATPase","The P-type ATPase (P-ATPase) Superfamily","ATP-Dependent","3.A.3"
"XP_899046","cation","","P-ATPase","The P-type ATPase (P-ATPase) Superfamily","ATP-Dependent","3.A.3"
"XP_001481008","cation","","P-ATPase","The P-type ATPase (P-ATPase) Superfamily","ATP-Dependent","3.A.3"
"XP_486167","calcium ion/manganese ion","","P-ATPase","The P-type ATPase (P-ATPase) Superfamily","ATP-Dependent","3.A.3"
"XP_922430","calcium ion/manganese ion","","P-ATPase","The P-type ATPase (P-ATPase) Superfamily","ATP-Dependent","3.A.3"
"XP_996695","cation","","P-ATPase","The P-type ATPase (P-ATPase) Superfamily","ATP-Dependent","3.A.3"
"NP_001033934","ATP-gated cation channel (P2X7)","","ACC","The ATP-gated Cation Channel (ACC) Family","Ion Channels","1.A.7"
"NP_001033976","ATP-gated cation channel (P2X7)","","ACC","The ATP-gated Cation Channel (ACC) Family","Ion Channels","1.A.7"
"NP_035157","ATP-gated cation channel (P2X7)","","ACC","The ATP-gated Cation Channel (ACC) Family","Ion Channels","1.A.7"
"NP_001033928","ATP-gated cation channel (P2X7)","","ACC","The ATP-gated Cation Channel (ACC) Family","Ion Channels","1.A.7"
"NP_035156","ATP-gated cation channel (P2X4)","","ACC","The ATP-gated Cation Channel (ACC) Family","Ion Channels","1.A.7"
"NP_035158","ATP-gated cation channel (P2X6)","","ACC","The ATP-gated Cation Channel (ACC) Family","Ion Channels","1.A.7"
"NP_201578","ATP-gated cation channel (P2X5)","","ACC","The ATP-gated Cation Channel (ACC) Family","Ion Channels","1.A.7"
"NP_663501","ATP-gated cation channel (P2X3)","","ACC","The ATP-gated Cation Channel (ACC) Family","Ion Channels","1.A.7"
"NP_700449","ATP-gated cation channel (P2X2)","","ACC","The ATP-gated Cation Channel (ACC) Family","Ion Channels","1.A.7"
"NP_035399","CO2 (Rhesus glycoprotein A)","","Amt","The Ammonia Transporter Channel (Amt) Family","Ion Channels","1.A.11"
"NP_035400","CO2 (Rhesus glycoprotein D)","","Amt","The Ammonia Transporter Channel (Amt) Family","Ion Channels","1.A.11"
"NP_062773","CO2 (Rhesus glycoprotein C)","","Amt","The Ammonia Transporter Channel (Amt) Family","Ion Channels","1.A.11"
"NP_067350","CO2 (Rhesus glycoprotein B)","","Amt","The Ammonia Transporter Channel (Amt) Family","Ion Channels","1.A.11"
"NP_031611","Annexin A2","","Annexin","The Annexin (Annexin) Family","Ion Channels","1.A.31"
"NP_033803","Annexin A5","","Annexin","The Annexin (Annexin) Family","Ion Channels","1.A.31"
"NP_033804","Annexin A7","","Annexin","The Annexin (Annexin) Family","Ion Channels","1.A.31"
"NP_034860","Annexin A1","","Annexin","The Annexin (Annexin) Family","Ion Channels","1.A.31"
"NP_036052","Annexin A10","","Annexin","The Annexin (Annexin) Family","Ion Channels","1.A.31"
"NP_038497","Annexin A11","","Annexin","The Annexin (Annexin) Family","Ion Channels","1.A.31"
"NP_038498","Annexin A3","","Annexin","The Annexin (Annexin) Family","Ion Channels","1.A.31"
"NP_038499","Annexin A4","","Annexin","The Annexin (Annexin) Family","Ion Channels","1.A.31"
"NP_038500","Annexin A6","","Annexin","The Annexin (Annexin) Family","Ion Channels","1.A.31"
"NP_038501","Annexin A8","","Annexin","The Annexin (Annexin) Family","Ion Channels","1.A.31"
"NP_076117","Annexin A9","","Annexin","The Annexin (Annexin) Family","Ion Channels","1.A.31"
"NP_081487","Annexin A13","","Annexin","The Annexin (Annexin) Family","Ion Channels","1.A.31"
"XP_001473013","Annexin A11","","Annexin","The Annexin (Annexin) Family","Ion Channels","1.A.31"
"XP_001473065","Annexin A11","","Annexin","The Annexin (Annexin) Family","Ion Channels","1.A.31"
"XP_001473686","Annexin A3","","Annexin","The Annexin (Annexin) Family","Ion Channels","1.A.31"
"XP_001474833","Annexin A2","","Annexin","The Annexin (Annexin) Family","Ion Channels","1.A.31"
"XP_915768","Annexin A8","","Annexin","The Annexin (Annexin) Family","Ion Channels","1.A.31"
"NP_031549","Bcl-2 homolog","","Bcl-2","The Bcl-2 (Bcl-2) Family","Ion Channels","1.A.21"
"NP_031553","Bcl-2 homolog","","Bcl-2","The Bcl-2 (Bcl-2) Family","Ion Channels","1.A.21"
"NP_031563","Bcl-2 homolog","","Bcl-2","The Bcl-2 (Bcl-2) Family","Ion Channels","1.A.21"
"NP_032588","Bcl-2 homolog","","Bcl-2","The Bcl-2 (Bcl-2) Family","Ion Channels","1.A.21"
"NP_803129","Bcl-2 homolog","","Bcl-2","The Bcl-2 (Bcl-2) Family","Ion Channels","1.A.21"
"NP_033871","Bcl-2 homolog","","Bcl-2","The Bcl-2 (Bcl-2) Family","Ion Channels","1.A.21"
"NP_033872","Bcl-2 homolog","","Bcl-2","The Bcl-2 (Bcl-2) Family","Ion Channels","1.A.21"
"NP_031560","Bcl-2 homolog","","Bcl-2","The Bcl-2 (Bcl-2) Family","Ion Channels","1.A.21"
"NP_031561","Bcl-2 homolog","","Bcl-2","The Bcl-2 (Bcl-2) Family","Ion Channels","1.A.21"
"NP_031562","Bcl-2 homolog","","Bcl-2","The Bcl-2 (Bcl-2) Family","Ion Channels","1.A.21"
"NP_033873","Bcl-2 homolog","","Bcl-2","The Bcl-2 (Bcl-2) Family","Ion Channels","1.A.21"
"NP_058058","Bcl-2 homolog","","Bcl-2","The Bcl-2 (Bcl-2) Family","Ion Channels","1.A.21"
"NP_080054","Bcl-2-like protein 14","","Bcl-2","The Bcl-2 (Bcl-2) Family","Ion Channels","1.A.21"
"XP_001476633","Bcl-2 homolog","","Bcl-2","The Bcl-2 (Bcl-2) Family","Ion Channels","1.A.21"
"NP_001007584","Bestrophin-3 anion channel","","Bestrophin","The Anion Channel-forming Bestrophin (Bestrophin) Family","Ion Channels","1.A.46"
"NP_036043","Bestrophin-1 anion channel","","Bestrophin","The Anion Channel-forming Bestrophin (Bestrophin) Family","Ion Channels","1.A.46"
"NP_663363","Bestrophin-2 anion channel","","Bestrophin","The Anion Channel-forming Bestrophin (Bestrophin) Family","Ion Channels","1.A.46"
"NP_033890","adenovirus E1B 19 kDa protein-interacting protein 3 (NIP3L)","","BNip3","The BCL2/Adenovirus E1B-interacting Protein 3 (BNip3) Family","Ion Channels","1.A.20"
"NP_033891","adenovirus E1B 19 kDa protein-interacting protein 3 (NIP3L)","","BNip3","The BCL2/Adenovirus E1B-interacting Protein 3 (BNip3) Family","Ion Channels","1.A.20"
"XP_001472192","adenovirus E1B 19 kDa protein-interacting protein 3 (NIP3L)","","BNip3","The BCL2/Adenovirus E1B-interacting Protein 3 (BNip3) Family","Ion Channels","1.A.20"
"XP_001478238","adenovirus E1B 19 kDa protein-interacting protein 3 (NIP3L)","","BNip3","The BCL2/Adenovirus E1B-interacting Protein 3 (BNip3) Family","Ion Channels","1.A.20"
"XP_001480489","adenovirus E1B 19 kDa protein-interacting protein 3 (NIP3L)","","BNip3","The BCL2/Adenovirus E1B-interacting Protein 3 (BNip3) Family","Ion Channels","1.A.20"
"XP_894501","adenovirus E1B 19 kDa protein-interacting protein 3 (NIP3L)","","BNip3","The BCL2/Adenovirus E1B-interacting Protein 3 (BNip3) Family","Ion Channels","1.A.20"
"XP_909864","adenovirus E1B 19 kDa protein-interacting protein 3 (NIP3L)","","BNip3","The BCL2/Adenovirus E1B-interacting Protein 3 (BNip3) Family","Ion Channels","1.A.20"
"NP_082112","CD20 calcium channel","","CD20","The CD20 Ca2+ Channel (CD20) Family","Ion Channels","1.A.37"
"NP_001020781","CD20 calcium channel","","CD20","The CD20 Ca2+ Channel (CD20) Family","Ion Channels","1.A.37"
"NP_001030070","CD20 calcium channel","","CD20","The CD20 Ca2+ Channel (CD20) Family","Ion Channels","1.A.37"
"NP_031667","CD20 calcium channel","","CD20","The CD20 Ca2+ Channel (CD20) Family","Ion Channels","1.A.37"
"NP_038544","CD20 calcium channel","","CD20","The CD20 Ca2+ Channel (CD20) Family","Ion Channels","1.A.37"
"NP_071875","CD20 calcium channel","","CD20","The CD20 Ca2+ Channel (CD20) Family","Ion Channels","1.A.37"
"NP_076018","CD20 calcium channel","","CD20","The CD20 Ca2+ Channel (CD20) Family","Ion Channels","1.A.37"
"NP_081111","CD20 calcium channel","","CD20","The CD20 Ca2+ Channel (CD20) Family","Ion Channels","1.A.37"
"NP_082871","CD20 calcium channel","","CD20","The CD20 Ca2+ Channel (CD20) Family","Ion Channels","1.A.37"
"NP_081485","CD20 calcium channel","","CD20","The CD20 Ca2+ Channel (CD20) Family","Ion Channels","1.A.37"
"NP_573509","CD20 calcium channel","","CD20","The CD20 Ca2+ Channel (CD20) Family","Ion Channels","1.A.37"
"NP_899013","CD20 calcium channel","","CD20","The CD20 Ca2+ Channel (CD20) Family","Ion Channels","1.A.37"
"XP_001474664","CD20 calcium channel","","CD20","The CD20 Ca2+ Channel (CD20) Family","Ion Channels","1.A.37"
"XP_355147","CD20 calcium channel","","CD20","The CD20 Ca2+ Channel (CD20) Family","Ion Channels","1.A.37"
"XP_129208","CD20 calcium channel","","CD20","The CD20 Ca2+ Channel (CD20) Family","Ion Channels","1.A.37"
"XP_357051","CD20 calcium channel","","CD20","The CD20 Ca2+ Channel (CD20) Family","Ion Channels","1.A.37"
"XP_913813","CD20 calcium channel","","CD20","The CD20 Ca2+ Channel (CD20) Family","Ion Channels","1.A.37"
"XP_894104","CD20 calcium channel","","CD20","The CD20 Ca2+ Channel (CD20) Family","Ion Channels","1.A.37"
"XP_913630","CD20 calcium channel","","CD20","The CD20 Ca2+ Channel (CD20) Family","Ion Channels","1.A.37"
"XP_913903","CD20 calcium channel","","CD20","The CD20 Ca2+ Channel (CD20) Family","Ion Channels","1.A.37"
"XP_992035","CD20 calcium channel","","CD20","The CD20 Ca2+ Channel (CD20) Family","Ion Channels","1.A.37"
"NP_068364","CD20 calcium channel","","CD20","The CD20 Ca2+ Channel (CD20) Family","Ion Channels","1.A.37"
"NP_083775","CD20 calcium channel","","CD20","The CD20 Ca2+ Channel (CD20) Family","Ion Channels","1.A.37"
"NP_079934","CD20 calcium channel","","CD20","The CD20 Ca2+ Channel (CD20) Family","Ion Channels","1.A.37"
"XP_992141","CD20 calcium channel","","CD20","The CD20 Ca2+ Channel (CD20) Family","Ion Channels","1.A.37"
"NP_038913","chloride intracellular channel 4","","CLIC","The Intracellular Chloride Channel (CLIC) Family","Ion Channels","1.A.12"
"NP_081361","chloride intracellular channel 3","","CLIC","The Intracellular Chloride Channel (CLIC) Family","Ion Channels","1.A.12"
"NP_254279","chloride intracellular channel 1","","CLIC","The Intracellular Chloride Channel (CLIC) Family","Ion Channels","1.A.12"
"NP_766057","chloride intracellular channel 6","","CLIC","The Intracellular Chloride Channel (CLIC) Family","Ion Channels","1.A.12"
"NP_766209","chloride intracellular channel 5","","CLIC","The Intracellular Chloride Channel (CLIC) Family","Ion Channels","1.A.12"
"NP_001001496","gap junction-forming Connexin channel alpha-6","","Connexin","The Gap Junction-forming Connexin (Connexin) Family","Ion Channels","1.A.24"
"NP_032154","gap junction-forming Connexin channel beta-6","","Connexin","The Gap Junction-forming Connexin (Connexin) Family","Ion Channels","1.A.24"
"NP_001010937","gap junction-forming Connexin channel beta-6","","Connexin","The Gap Junction-forming Connexin (Connexin) Family","Ion Channels","1.A.24"
"NP_032146","gap junction-forming Connexin channel alpha-4","","Connexin","The Gap Junction-forming Connexin (Connexin) Family","Ion Channels","1.A.24"
"NP_032147","gap junction-forming Connexin channel alpha-5","","Connexin","The Gap Junction-forming Connexin (Connexin) Family","Ion Channels","1.A.24"
"NP_032148","gap junction-forming Connexin channel alpha-7","","Connexin","The Gap Junction-forming Connexin (Connexin) Family","Ion Channels","1.A.24"
"NP_032149","gap junction-forming Connexin channel alpha-8","","Connexin","The Gap Junction-forming Connexin (Connexin) Family","Ion Channels","1.A.24"
"NP_032150","gap junction-forming Connexin channel beta-1","","Connexin","The Gap Junction-forming Connexin (Connexin) Family","Ion Channels","1.A.24"
"NP_032151","gap junction-forming Connexin channel beta-2","","Connexin","The Gap Junction-forming Connexin (Connexin) Family","Ion Channels","1.A.24"
"NP_032152","gap junction-forming Connexin channel beta-3","","Connexin","The Gap Junction-forming Connexin (Connexin) Family","Ion Channels","1.A.24"
"NP_032153","gap junction-forming Connexin channel beta-4","","Connexin","The Gap Junction-forming Connexin (Connexin) Family","Ion Channels","1.A.24"
"NP_034418","gap junction-forming Connexin channel alpha-1","","Connexin","The Gap Junction-forming Connexin (Connexin) Family","Ion Channels","1.A.24"
"NP_034419","gap junction-forming Connexin channel alpha-1","","Connexin","The Gap Junction-forming Connexin (Connexin) Family","Ion Channels","1.A.24"
"NP_034420","gap junction-forming Connexin channel alpha-9","","Connexin","The Gap Junction-forming Connexin (Connexin) Family","Ion Channels","1.A.24"
"NP_034421","gap junction-forming Connexin channel beta-5","","Connexin","The Gap Junction-forming Connexin (Connexin) Family","Ion Channels","1.A.24"
"NP_058671","gap junction-forming Connexin channel alpha-3","","Connexin","The Gap Junction-forming Connexin (Connexin) Family","Ion Channels","1.A.24"
"NP_536698","gap junction-forming Connexin channel epsilon-1","","Connexin","The Gap Junction-forming Connexin (Connexin) Family","Ion Channels","1.A.24"
"NP_536702","gap junction-forming Connexin channel alpha-12 (Connexin-47)","","Connexin","The Gap Junction-forming Connexin (Connexin) Family","Ion Channels","1.A.24"
"NP_780661","gap junction-forming Connexin channel alpha-12 (Connexin-47)","","Connexin","The Gap Junction-forming Connexin (Connexin) Family","Ion Channels","1.A.24"
"NP_694726","gap junction-forming Connexin channel Connexin 39","","Connexin","The Gap Junction-forming Connexin (Connexin) Family","Ion Channels","1.A.24"
"NP_848711","gap junction-forming Connexin channel chi 1 (Connexin 31.9)","","Connexin","The Gap Junction-forming Connexin (Connexin) Family","Ion Channels","1.A.24"
"XP_354583","gap junction-forming Connexin channel","","Connexin","The Gap Junction-forming Connexin (Connexin) Family","Ion Channels","1.A.24"
"XP_984481","gap junction-forming Connexin channel","","Connexin","The Gap Junction-forming Connexin (Connexin) Family","Ion Channels","1.A.24"
"NP_033313","stromal interaction molecule 1 (STIM1)","","CRAC-C","The Ca2+ Release-activated Ca2+ (CRAC) Channel (CRAC-C) Family","Ion Channels","1.A.52"
"NP_780632","calcium release-activated calcium ion channel (Orai-1)","","CRAC-C","The Ca2+ Release-activated Ca2+ (CRAC) Channel (CRAC-C) Family","Ion Channels","1.A.52"
"NP_848866","calcium release-activated calcium ion channel (Orai-2)","","CRAC-C","The Ca2+ Release-activated Ca2+ (CRAC) Channel (CRAC-C) Family","Ion Channels","1.A.52"
"NP_940816","calcium release-activated calcium ion channel (Orai-3)","","CRAC-C","The Ca2+ Release-activated Ca2+ (CRAC) Channel (CRAC-C) Family","Ion Channels","1.A.52"
"XP_001472983","calcium release-activated calcium ion channel (Orai-2)","","CRAC-C","The Ca2+ Release-activated Ca2+ (CRAC) Channel (CRAC-C) Family","Ion Channels","1.A.52"
"XP_001475148","stromal interaction molecule 1","","CRAC-C","The Ca2+ Release-activated Ca2+ (CRAC) Channel (CRAC-C) Family","Ion Channels","1.A.52"
"XP_001481197","calcium release-activated calcium ion channel (Orai-2)","","CRAC-C","The Ca2+ Release-activated Ca2+ (CRAC) Channel (CRAC-C) Family","Ion Channels","1.A.52"
"NP_079562","copper ion uptake (CTR2)","","Ctr","The Copper Transporter (Ctr) Family","Ion Channels","1.A.56"
"NP_780299","copper ion uptake (CTR1)","","Ctr","The Copper Transporter (Ctr) Family","Ion Channels","1.A.56"
"NP_001028371","calcium-activated chloride ion channel","","E-ClC","The Epithelial Chloride Channel (E-ClC) Family","Ion Channels","1.A.13"
"NP_001034311","calcium-activated chloride ion channel","","E-ClC","The Epithelial Chloride Channel (E-ClC) Family","Ion Channels","1.A.13"
"NP_034029","calcium-activated chloride ion channel","","E-ClC","The Epithelial Chloride Channel (E-ClC) Family","Ion Channels","1.A.13"
"NP_059502","calcium-activated chloride ion channel","","E-ClC","The Epithelial Chloride Channel (E-ClC) Family","Ion Channels","1.A.13"
"NP_085104","calcium-activated chloride ion channel","","E-ClC","The Epithelial Chloride Channel (E-ClC) Family","Ion Channels","1.A.13"
"NP_631887","calcium-activated chloride ion channel","","E-ClC","The Epithelial Chloride Channel (E-ClC) Family","Ion Channels","1.A.13"
"NP_848812","calcium-activated chloride ion channel","","E-ClC","The Epithelial Chloride Channel (E-ClC) Family","Ion Channels","1.A.13"
"NP_997091","calcium-activated chloride ion channel","","E-ClC","The Epithelial Chloride Channel (E-ClC) Family","Ion Channels","1.A.13"
"NP_001029185","amiloride-sensitive sodium ion channel 1","","ENaC","The Epithelial Na+ Channel (ENaC) Family","Ion Channels","1.A.6"
"NP_031410","amiloride-sensitive sodium ion channel 1","","ENaC","The Epithelial Na+ Channel (ENaC) Family","Ion Channels","1.A.6"
"NP_033727","amiloride-sensitive sodium ion channel 2","","ENaC","The Epithelial Na+ Channel (ENaC) Family","Ion Channels","1.A.6"
"NP_035454","amiloride-sensitive sodium ion channel subunit alpha","","ENaC","The Epithelial Na+ Channel (ENaC) Family","Ion Channels","1.A.6"
"NP_035455","amiloride-sensitive sodium ion channel subunit beta","","ENaC","The Epithelial Na+ Channel (ENaC) Family","Ion Channels","1.A.6"
"NP_035456","amiloride-sensitive sodium ion channel subunit gamma","","ENaC","The Epithelial Na+ Channel (ENaC) Family","Ion Channels","1.A.6"
"NP_067345","amiloride-sensitive sodium ion channel 5","","ENaC","The Epithelial Na+ Channel (ENaC) Family","Ion Channels","1.A.6"
"NP_892045","amiloride-sensitive sodium ion channel 3","","ENaC","The Epithelial Na+ Channel (ENaC) Family","Ion Channels","1.A.6"
"NP_898843","amiloride-sensitive sodium ion channel 4","","ENaC","The Epithelial Na+ Channel (ENaC) Family","Ion Channels","1.A.6"
"XP_001478488","amiloride-sensitive sodium ion channel subunit gamma","","ENaC","The Epithelial Na+ Channel (ENaC) Family","Ion Channels","1.A.6"
"NP_038568","glutamate gated ion channel AMPA 2","","GIC","The Glutamate-gated Ion Channel (GIC) Family of Neurotransmitter Receptors","Ion Channels","1.A.10"
"NP_001077275","glutamate gated ion channel AMPA 2","","GIC","The Glutamate-gated Ion Channel (GIC) Family of Neurotransmitter Receptors","Ion Channels","1.A.10"
"NP_001034284","glutamate gated ion channel AMPA 2","","GIC","The Glutamate-gated Ion Channel (GIC) Family of Neurotransmitter Receptors","Ion Channels","1.A.10"
"NP_001074566","glutamate gated ion channel ionotropic kainate 3","","GIC","The Glutamate-gated Ion Channel (GIC) Family of Neurotransmitter Receptors","Ion Channels","1.A.10"
"NP_032191","glutamate gated ion channel ionotropic AMPA 1","","GIC","The Glutamate-gated Ion Channel (GIC) Family of Neurotransmitter Receptors","Ion Channels","1.A.10"
"NP_032192","glutamate gated ion channel ionotropic delta 1 subunit","","GIC","The Glutamate-gated Ion Channel (GIC) Family of Neurotransmitter Receptors","Ion Channels","1.A.10"
"NP_032193","glutamate gated ion channel ionotropic delta 2 (GluR delta-2)","","GIC","The Glutamate-gated Ion Channel (GIC) Family of Neurotransmitter Receptors","Ion Channels","1.A.10"
"NP_032194","glutamate gated ion channel ionotropic kainate 5","","GIC","The Glutamate-gated Ion Channel (GIC) Family of Neurotransmitter Receptors","Ion Channels","1.A.10"
"NP_032195","N-methyl-D-aspartate (NMDA) ionotropic channel receptor subunit zeta-1","","GIC","The Glutamate-gated Ion Channel (GIC) Family of Neurotransmitter Receptors","Ion Channels","1.A.10"
"NP_032196","N-methyl-D-aspartate (NMDA) ionotropic channel receptor subunit epsilon-1","","GIC","The Glutamate-gated Ion Channel (GIC) Family of Neurotransmitter Receptors","Ion Channels","1.A.10"
"NP_032197","N-methyl-D-aspartate (NMDA) ionotropic channel receptor subunit epsilon-2","","GIC","The Glutamate-gated Ion Channel (GIC) Family of Neurotransmitter Receptors","Ion Channels","1.A.10"
"NP_032198","N-methyl-D-aspartate (NMDA) ionotropic channel receptor subunit epsilon-4","","GIC","The Glutamate-gated Ion Channel (GIC) Family of Neurotransmitter Receptors","Ion Channels","1.A.10"
"NP_034478","glutamate gated ion channel ionotropic kainate 1","","GIC","The Glutamate-gated Ion Channel (GIC) Family of Neurotransmitter Receptors","Ion Channels","1.A.10"
"NP_666184","glutamate gated ion channel ionotropic kainate 1","","GIC","The Glutamate-gated Ion Channel (GIC) Family of Neurotransmitter Receptors","Ion Channels","1.A.10"
"NP_034479","glutamate gated ion channel ionotropic kainate 2","","GIC","The Glutamate-gated Ion Channel (GIC) Family of Neurotransmitter Receptors","Ion Channels","1.A.10"
"NP_034480","N-methyl-D-aspartate (NMDA) ionotropic channel receptor subunit epsilon-3","","GIC","The Glutamate-gated Ion Channel (GIC) Family of Neurotransmitter Receptors","Ion Channels","1.A.10"
"NP_058582","glutamate gated ion channel ionotropic AMPA 3","","GIC","The Glutamate-gated Ion Channel (GIC) Family of Neurotransmitter Receptors","Ion Channels","1.A.10"
"NP_062665","glutamate gated ion channel ionotropic AMPA 4","","GIC","The Glutamate-gated Ion Channel (GIC) Family of Neurotransmitter Receptors","Ion Channels","1.A.10"
"NP_569722","glutamate gated ion channel N-methyl-D-aspartate (NMDA) ionotropic channel receptor subunit 3B","","GIC","The Glutamate-gated Ion Channel (GIC) Family of Neurotransmitter Receptors","Ion Channels","1.A.10"
"NP_780690","glutamate gated ion channel ionotropic kainate 4","","GIC","The Glutamate-gated Ion Channel (GIC) Family of Neurotransmitter Receptors","Ion Channels","1.A.10"
"XP_001471750","glutamate gated ion channel ionotrophic AMPA 4","","GIC","The Glutamate-gated Ion Channel (GIC) Family of Neurotransmitter Receptors","Ion Channels","1.A.10"
"XP_001472291","glutamate gated ion channel ionotropic AMPA1","","GIC","The Glutamate-gated Ion Channel (GIC) Family of Neurotransmitter Receptors","Ion Channels","1.A.10"
"XP_001474176","N-methyl-D-aspartate (NMDA) ionotropic channel receptor subunit epsilon-1","","GIC","The Glutamate-gated Ion Channel (GIC) Family of Neurotransmitter Receptors","Ion Channels","1.A.10"
"NP_663518","Mid1-related intracellular chloride ion channel","","ICC","The Intracellular Chloride Channel (ICC) Family","Ion Channels","1.A.36"
"NP_076160","nucleotide-sensitive chloride channel","","ICln","The Nucleotide-sensitive Anion-selective Channel, ICln (ICln) Family","Ion Channels","1.A.47"
"NP_001002005","gap junction-forming Pannexin-2 channel","","Innexin","The Gap Junction-forming Innexin (Innexin) Family","Ion Channels","1.A.25"
"NP_062355","gap junction-forming Pannexin-1 channel","","Innexin","The Gap Junction-forming Innexin (Innexin) Family","Ion Channels","1.A.25"
"NP_766042","gap junction-forming Pannexin-3 channel","","Innexin","The Gap Junction-forming Innexin (Innexin) Family","Ion Channels","1.A.25"
"NP_001020755","G protein-activated inward rectifier potassium channel","","IRK-C","The Inward Rectifier K+ Channel (IRK-C) Family","Ion Channels","1.A.2"
"NP_001020756","G protein-activated inward rectifier potassium channel","","IRK-C","The Inward Rectifier K+ Channel (IRK-C) Family","Ion Channels","1.A.2"
"NP_001020761","G protein-activated inward rectifier potassium channel","","IRK-C","The Inward Rectifier K+ Channel (IRK-C) Family","Ion Channels","1.A.2"
"NP_034736","G protein-activated inward rectifier potassium channel","","IRK-C","The Inward Rectifier K+ Channel (IRK-C) Family","Ion Channels","1.A.2"
"NP_001034145","ATP-sensitive inward rectifier potassium ion channel","","IRK-C","The Inward Rectifier K+ Channel (IRK-C) Family","Ion Channels","1.A.2"
"NP_001034146","ATP-sensitive inward rectifier potassium ion channel","","IRK-C","The Inward Rectifier K+ Channel (IRK-C) Family","Ion Channels","1.A.2"
"NP_062638","ATP-sensitive inward rectifier potassium ion channel","","IRK-C","The Inward Rectifier K+ Channel (IRK-C) Family","Ion Channels","1.A.2"
"NP_001034573","ATP-sensitive inward rectifier potassium ion channel","","IRK-C","The Inward Rectifier K+ Channel (IRK-C) Family","Ion Channels","1.A.2"
"NP_032451","G protein-activated inward rectifier potassium channel","","IRK-C","The Inward Rectifier K+ Channel (IRK-C) Family","Ion Channels","1.A.2"
"NP_032452","G protein-activated inward rectifier potassium channel","","IRK-C","The Inward Rectifier K+ Channel (IRK-C) Family","Ion Channels","1.A.2"
"NP_032453","G protein-activated inward rectifier potassium channel","","IRK-C","The Inward Rectifier K+ Channel (IRK-C) Family","Ion Channels","1.A.2"
"NP_032454","ATP-sensitive inward rectifier potassium ion channel","","IRK-C","The Inward Rectifier K+ Channel (IRK-C) Family","Ion Channels","1.A.2"
"NP_032455","G protein-activated inward rectifier potassium channel","","IRK-C","The Inward Rectifier K+ Channel (IRK-C) Family","Ion Channels","1.A.2"
"NP_034732","ATP-sensitive inward rectifier potassium ion channel","","IRK-C","The Inward Rectifier K+ Channel (IRK-C) Family","Ion Channels","1.A.2"
"NP_034733","ATP-sensitive inward rectifier potassium ion channel","","IRK-C","The Inward Rectifier K+ Channel (IRK-C) Family","Ion Channels","1.A.2"
"NP_034734","inward rectifier potassium ion channel","","IRK-C","The Inward Rectifier K+ Channel (IRK-C) Family","Ion Channels","1.A.2"
"NP_034735","G protein-activated inward rectifier potassium channel","","IRK-C","The Inward Rectifier K+ Channel (IRK-C) Family","Ion Channels","1.A.2"
"NP_062633","ATP-sensitive inward rectifier potassium ion channel","","IRK-C","The Inward Rectifier K+ Channel (IRK-C) Family","Ion Channels","1.A.2"
"NP_666075","ATP-sensitive inward rectifier potassium ion channel","","IRK-C","The Inward Rectifier K+ Channel (IRK-C) Family","Ion Channels","1.A.2"
"XP_001001991","ATP-sensitive inward rectifier potassium ion channel","","IRK-C","The Inward Rectifier K+ Channel (IRK-C) Family","Ion Channels","1.A.2"
"XP_001473790","inward rectifier potassium ion channel","","IRK-C","The Inward Rectifier K+ Channel (IRK-C) Family","Ion Channels","1.A.2"
"XP_001475160","inward rectifier potassium ion channel","","IRK-C","The Inward Rectifier K+ Channel (IRK-C) Family","Ion Channels","1.A.2"
"NP_001033790","GABA-gated chloride channel subunit beta 3","","LIC","The Neurotransmitter Receptor, Cys loop, Ligand-gated Ion Channel (LIC) Family","Ion Channels","1.A.9"
"NP_001074573","acetylcholine-activated cation-selective channel subunit alpha 9","","LIC","The Neurotransmitter Receptor, Cys loop, Ligand-gated Ion Channel (LIC) Family","Ion Channels","1.A.9"
"NP_001074659","GABA-gated chloride channel subunit rho 3","","LIC","The Neurotransmitter Receptor, Cys loop, Ligand-gated Ion Channel (LIC) Family","Ion Channels","1.A.9"
"NP_001074893","acetylcholine-activated cation-selective channel subunit alpha 10","","LIC","The Neurotransmitter Receptor, Cys loop, Ligand-gated Ion Channel (LIC) Family","Ion Channels","1.A.9"
"NP_031415","acetylcholine-activated cation-selective channel subunit alpha 1","","LIC","The Neurotransmitter Receptor, Cys loop, Ligand-gated Ion Channel (LIC) Family","Ion Channels","1.A.9"
"NP_031416","acetylcholine-activated cation-selective channel subunit alpha 7","","LIC","The Neurotransmitter Receptor, Cys loop, Ligand-gated Ion Channel (LIC) Family","Ion Channels","1.A.9"
"NP_032092","GABA-gated chloride channel subunit alpha 2","","LIC","The Neurotransmitter Receptor, Cys loop, Ligand-gated Ion Channel (LIC) Family","Ion Channels","1.A.9"
"NP_032093","GABA-gated chloride channel subunit alpha 3","","LIC","The Neurotransmitter Receptor, Cys loop, Ligand-gated Ion Channel (LIC) Family","Ion Channels","1.A.9"
"NP_032094","GABA-gated chloride channel subunit alpha 6","","LIC","The Neurotransmitter Receptor, Cys loop, Ligand-gated Ion Channel (LIC) Family","Ion Channels","1.A.9"
"NP_032095","GABA-gated chloride channel subunit beta 1","","LIC","The Neurotransmitter Receptor, Cys loop, Ligand-gated Ion Channel (LIC) Family","Ion Channels","1.A.9"
"NP_032096","GABA-gated chloride channel subunit beta 2","","LIC","The Neurotransmitter Receptor, Cys loop, Ligand-gated Ion Channel (LIC) Family","Ion Channels","1.A.9"
"NP_032097","GABA-gated chloride channel subunit beta 3","","LIC","The Neurotransmitter Receptor, Cys loop, Ligand-gated Ion Channel (LIC) Family","Ion Channels","1.A.9"
"NP_032098","GABA-gated chloride channel subunit delta","","LIC","The Neurotransmitter Receptor, Cys loop, Ligand-gated Ion Channel (LIC) Family","Ion Channels","1.A.9"
"NP_032099","GABA-gated chloride channel subunit gamma 2","","LIC","The Neurotransmitter Receptor, Cys loop, Ligand-gated Ion Channel (LIC) Family","Ion Channels","1.A.9"
"NP_803127","GABA-gated chloride channel subunit gamma 2","","LIC","The Neurotransmitter Receptor, Cys loop, Ligand-gated Ion Channel (LIC) Family","Ion Channels","1.A.9"
"NP_032100","GABA-gated chloride channel subunit gamma 3","","LIC","The Neurotransmitter Receptor, Cys loop, Ligand-gated Ion Channel (LIC) Family","Ion Channels","1.A.9"
"NP_032101","GABA-gated chloride channel subunit rho 1","","LIC","The Neurotransmitter Receptor, Cys loop, Ligand-gated Ion Channel (LIC) Family","Ion Channels","1.A.9"
"NP_032102","GABA-gated chloride channel subunit rho 2","","LIC","The Neurotransmitter Receptor, Cys loop, Ligand-gated Ion Channel (LIC) Family","Ion Channels","1.A.9"
"NP_033731","acetylcholine-activated cation-selective channel subunit beta 1","","LIC","The Neurotransmitter Receptor, Cys loop, Ligand-gated Ion Channel (LIC) Family","Ion Channels","1.A.9"
"NP_033732","acetylcholine-activated cation-selective channel subunit beta 2","","LIC","The Neurotransmitter Receptor, Cys loop, Ligand-gated Ion Channel (LIC) Family","Ion Channels","1.A.9"
"NP_033733","acetylcholine-activated cation-selective channel subunit epsilon","","LIC","The Neurotransmitter Receptor, Cys loop, Ligand-gated Ion Channel (LIC) Family","Ion Channels","1.A.9"
"NP_033734","acetylcholine-activated cation-selective channel subunit gamma","","LIC","The Neurotransmitter Receptor, Cys loop, Ligand-gated Ion Channel (LIC) Family","Ion Channels","1.A.9"
"NP_034380","GABA-gated chloride channel subunit alpha 1","","LIC","The Neurotransmitter Receptor, Cys loop, Ligand-gated Ion Channel (LIC) Family","Ion Channels","1.A.9"
"NP_034381","GABA-gated chloride channel subunit alpha 4","","LIC","The Neurotransmitter Receptor, Cys loop, Ligand-gated Ion Channel (LIC) Family","Ion Channels","1.A.9"
"NP_034382","GABA-gated chloride channel subunit gamma 1","","LIC","The Neurotransmitter Receptor, Cys loop, Ligand-gated Ion Channel (LIC) Family","Ion Channels","1.A.9"
"NP_034427","glycine-gated ion channel subunit alpha 4","","LIC","The Neurotransmitter Receptor, Cys loop, Ligand-gated Ion Channel (LIC) Family","Ion Channels","1.A.9"
"NP_034428","glycine-gated ion channel subunit beta","","LIC","The Neurotransmitter Receptor, Cys loop, Ligand-gated Ion Channel (LIC) Family","Ion Channels","1.A.9"
"NP_038589","5-hydroxytryptamine-gated chloride channel subunit 3A","","LIC","The Neurotransmitter Receptor, Cys loop, Ligand-gated Ion Channel (LIC) Family","Ion Channels","1.A.9"
"NP_056545","acetylcholine-activated cation-selective channel subunit alpha 4","","LIC","The Neurotransmitter Receptor, Cys loop, Ligand-gated Ion Channel (LIC) Family","Ion Channels","1.A.9"
"NP_059065","GABA-gated chloride channel subunit epsilon","","LIC","The Neurotransmitter Receptor, Cys loop, Ligand-gated Ion Channel (LIC) Family","Ion Channels","1.A.9"
"NP_064670","5-hydroxytryptamine-gated chloride channel subunit 3B","","LIC","The Neurotransmitter Receptor, Cys loop, Ligand-gated Ion Channel (LIC) Family","Ion Channels","1.A.9"
"NP_065234","GABA-gated chloride channel subunit theta","","LIC","The Neurotransmitter Receptor, Cys loop, Ligand-gated Ion Channel (LIC) Family","Ion Channels","1.A.9"
"NP_065238","glycine-gated ion channel subunit alpha 1","","LIC","The Neurotransmitter Receptor, Cys loop, Ligand-gated Ion Channel (LIC) Family","Ion Channels","1.A.9"
"NP_067344","acetylcholine-activated cation-selective channel subunit alpha 6","","LIC","The Neurotransmitter Receptor, Cys loop, Ligand-gated Ion Channel (LIC) Family","Ion Channels","1.A.9"
"NP_067611","acetylcholine-activated cation-selective channel subunit delta","","LIC","The Neurotransmitter Receptor, Cys loop, Ligand-gated Ion Channel (LIC) Family","Ion Channels","1.A.9"
"NP_775304","acetylcholine-activated cation-selective channel subunit beta 3","","LIC","The Neurotransmitter Receptor, Cys loop, Ligand-gated Ion Channel (LIC) Family","Ion Channels","1.A.9"
"NP_081730","acetylcholine-activated cation-selective channel subunit beta 3","","LIC","The Neurotransmitter Receptor, Cys loop, Ligand-gated Ion Channel (LIC) Family","Ion Channels","1.A.9"
"NP_536686","glycine-gated ion channel subunit alpha 3","","LIC","The Neurotransmitter Receptor, Cys loop, Ligand-gated Ion Channel (LIC) Family","Ion Channels","1.A.9"
"NP_659052","acetylcholine-activated cation-selective channel subunit alpha 2","","LIC","The Neurotransmitter Receptor, Cys loop, Ligand-gated Ion Channel (LIC) Family","Ion Channels","1.A.9"
"NP_660111","acetylcholine-activated cation-selective channel subunit alpha 3","","LIC","The Neurotransmitter Receptor, Cys loop, Ligand-gated Ion Channel (LIC) Family","Ion Channels","1.A.9"
"NP_666129","GABA-gated chloride channel subunit pi","","LIC","The Neurotransmitter Receptor, Cys loop, Ligand-gated Ion Channel (LIC) Family","Ion Channels","1.A.9"
"NP_683746","acetylcholine-activated cation-selective channel subunit beta 4","","LIC","The Neurotransmitter Receptor, Cys loop, Ligand-gated Ion Channel (LIC) Family","Ion Channels","1.A.9"
"NP_789814","acetylcholine-activated cation-selective channel subunit alpha 5","","LIC","The Neurotransmitter Receptor, Cys loop, Ligand-gated Ion Channel (LIC) Family","Ion Channels","1.A.9"
"NP_795916","GABA-gated chloride channel subunit alpha 5","","LIC","The Neurotransmitter Receptor, Cys loop, Ligand-gated Ion Channel (LIC) Family","Ion Channels","1.A.9"
"NP_906272","glycine-gated ion channel subunit alpha 2","","LIC","The Neurotransmitter Receptor, Cys loop, Ligand-gated Ion Channel (LIC) Family","Ion Channels","1.A.9"
"XP_001471690","acetylcholine-activated cation-selective channel subunit epsilon","","LIC","The Neurotransmitter Receptor, Cys loop, Ligand-gated Ion Channel (LIC) Family","Ion Channels","1.A.9"
"XP_001472113","glycine-gated ion channel subunit alpha 1","","LIC","The Neurotransmitter Receptor, Cys loop, Ligand-gated Ion Channel (LIC) Family","Ion Channels","1.A.9"
"XP_001476491","acetylcholine-activated cation-selective channel subunit alpha 1","","LIC","The Neurotransmitter Receptor, Cys loop, Ligand-gated Ion Channel (LIC) Family","Ion Channels","1.A.9"
"XP_001478484","GABA-gated chloride channel subunit epsilon","","LIC","The Neurotransmitter Receptor, Cys loop, Ligand-gated Ion Channel (LIC) Family","Ion Channels","1.A.9"
"XP_001478603","GABA-gated chloride channel subunit alpha 2","","LIC","The Neurotransmitter Receptor, Cys loop, Ligand-gated Ion Channel (LIC) Family","Ion Channels","1.A.9"
"NP_031498","water channel (Aquaporin-1)","","MIP","The Major Intrinsic Protein (MIP) Family","Ion Channels","1.A.8"
"NP_031499","water channel (Aquaporin-7)","","MIP","The Major Intrinsic Protein (MIP) Family","Ion Channels","1.A.8"
"NP_031500","water channel (Aquaporin-8)","","MIP","The Major Intrinsic Protein (MIP) Family","Ion Channels","1.A.8"
"NP_032626","Aquaporin homolog (lens fiber water channel)","","MIP","The Major Intrinsic Protein (MIP) Family","Ion Channels","1.A.8"
"NP_033829","water channel (Aquaporin-2)","","MIP","The Major Intrinsic Protein (MIP) Family","Ion Channels","1.A.8"
"NP_033830","water channel (Aquaporin-4)","","MIP","The Major Intrinsic Protein (MIP) Family","Ion Channels","1.A.8"
"NP_033831","water channel (Aquaporin-5)","","MIP","The Major Intrinsic Protein (MIP) Family","Ion Channels","1.A.8"
"NP_057898","water channel (Aquaporin-3)","","MIP","The Major Intrinsic Protein (MIP) Family","Ion Channels","1.A.8"
"NP_071309","water channel (Aquaporin-9)","","MIP","The Major Intrinsic Protein (MIP) Family","Ion Channels","1.A.8"
"NP_780296","water channel (Aquaporin-6)","","MIP","The Major Intrinsic Protein (MIP) Family","Ion Channels","1.A.8"
"XP_001476562","water channel (Aquaporin-5)","","MIP","The Major Intrinsic Protein (MIP) Family","Ion Channels","1.A.8"
"NP_001013407","mitochondrial inner membrane magnesium ion channel protein (MRS2)","","MIT","The CorA Metal Ion Transporter (MIT) Family","Ion Channels","1.A.35"
"NP_081292","protein translocase Sec62 homolog","","NSCC2","The Non-selective Cation Channel-2 (NSCC2) Family","Ion Channels","1.A.15"
"NP_080932","lysosomal monovalent cation channel (Mucolipin-2)","","PCC","The Polycystin Cation Channel (PCC) Family","Ion Channels","1.A.5"
"NP_001005846","lysosomal monovalent cation channel (Mucolipin-2)","","PCC","The Polycystin Cation Channel (PCC) Family","Ion Channels","1.A.5"
"NP_853522","Polycystin 1","","PCC","The Polycystin Cation Channel (PCC) Family","Ion Channels","1.A.5"
"NP_001034789","Polycystin 1","","PCC","The Polycystin Cation Channel (PCC) Family","Ion Channels","1.A.5"
"NP_032887","Polycystin 2","","PCC","The Polycystin Cation Channel (PCC) Family","Ion Channels","1.A.5"
"NP_035235","Polycystin 1","","PCC","The Polycystin Cation Channel (PCC) Family","Ion Channels","1.A.5"
"NP_038658","Polycystin 1","","PCC","The Polycystin Cation Channel (PCC) Family","Ion Channels","1.A.5"
"NP_058623","Polycystin 2","","PCC","The Polycystin Cation Channel (PCC) Family","Ion Channels","1.A.5"
"NP_083962","Polycystin 1","","PCC","The Polycystin Cation Channel (PCC) Family","Ion Channels","1.A.5"
"NP_444407","lysosomal monovalent cation channel (Mucolipin-1)","","PCC","The Polycystin Cation Channel (PCC) Family","Ion Channels","1.A.5"
"NP_598921","lysosomal monovalent cation channel (Mucolipin-3)","","PCC","The Polycystin Cation Channel (PCC) Family","Ion Channels","1.A.5"
"NP_852087","Polycystin 2","","PCC","The Polycystin Cation Channel (PCC) Family","Ion Channels","1.A.5"
"XP_001481338","Polycystin 1","","PCC","The Polycystin Cation Channel (PCC) Family","Ion Channels","1.A.5"
"XP_126005","Polycystin 1","","PCC","The Polycystin Cation Channel (PCC) Family","Ion Channels","1.A.5"
"NP_001033691","CKLF-like MARVEL transmembrane domain-containing protein 2","","Plasmolipin","The Plasmolipin (Plasmolipin) Family","Ion Channels","1.A.64"
"NP_032622","Synaptophysin-like protein 12 (mitsugumin 29)","","Plasmolipin","The Plasmolipin (Plasmolipin) Family","Ion Channels","1.A.64"
"NP_032782","Occludin","","Plasmolipin","The Plasmolipin (Plasmolipin) Family","Ion Channels","1.A.64"
"NP_997591","Synaptogyrin-1","","Plasmolipin","The Plasmolipin (Plasmolipin) Family","Ion Channels","1.A.64"
"NP_033329","Synaptogyrin-1","","Plasmolipin","The Plasmolipin (Plasmolipin) Family","Ion Channels","1.A.64"
"NP_033330","Synaptogyrin-2","","Plasmolipin","The Plasmolipin (Plasmolipin) Family","Ion Channels","1.A.64"
"NP_034892","Myelin and lymphocyte protein (T-lymphocyte maturation-associated protein)","","Plasmolipin","The Plasmolipin (Plasmolipin) Family","Ion Channels","1.A.64"
"NP_035652","Synaptogyrin-3","","Plasmolipin","The Plasmolipin (Plasmolipin) Family","Ion Channels","1.A.64"
"NP_942003","Synaptophysin-like protein 1 (Pantophysin)","","Plasmolipin","The Plasmolipin (Plasmolipin) Family","Ion Channels","1.A.64"
"NP_038663","Synaptophysin-like protein 1 (Pantophysin)","","Plasmolipin","The Plasmolipin (Plasmolipin) Family","Ion Channels","1.A.64"
"NP_058665","myeloid-associated differentiation marker","","Plasmolipin","The Plasmolipin (Plasmolipin) Family","Ion Channels","1.A.64"
"NP_062729","Proteolipid protein 2","","Plasmolipin","The Plasmolipin (Plasmolipin) Family","Ion Channels","1.A.64"
"NP_067457","Synaptogyrin-4","","Plasmolipin","The Plasmolipin (Plasmolipin) Family","Ion Channels","1.A.64"
"NP_077179","CKLF-like MARVEL transmembrane domain-containing protein 3","","Plasmolipin","The Plasmolipin (Plasmolipin) Family","Ion Channels","1.A.64"
"NP_080312","CKLF-like MARVEL transmembrane domain-containing protein 6","","Plasmolipin","The Plasmolipin (Plasmolipin) Family","Ion Channels","1.A.64"
"NP_080342","CKLF-like MARVEL transmembrane domain-containing protein 5","","Plasmolipin","The Plasmolipin (Plasmolipin) Family","Ion Channels","1.A.64"
"NP_080661","Plasmolipin ion channel","","Plasmolipin","The Plasmolipin (Plasmolipin) Family","Ion Channels","1.A.64"
"NP_081570","CKLF-like MARVEL transmembrane domain-containing protein 8","","Plasmolipin","The Plasmolipin (Plasmolipin) Family","Ion Channels","1.A.64"
"NP_082328","Synaptoporin","","Plasmolipin","The Plasmolipin (Plasmolipin) Family","Ion Channels","1.A.64"
"NP_082800","CKLF-like MARVEL transmembrane domain-containing protein 2B","","Plasmolipin","The Plasmolipin (Plasmolipin) Family","Ion Channels","1.A.64"
"NP_082860","CKLF-like MARVEL transmembrane domain-containing protein 3","","Plasmolipin","The Plasmolipin (Plasmolipin) Family","Ion Channels","1.A.64"
"NP_997612","CKLF-like MARVEL transmembrane domain-containing protein 3","","Plasmolipin","The Plasmolipin (Plasmolipin) Family","Ion Channels","1.A.64"
"NP_083571","Chemokine-like factor (C32)","","Plasmolipin","The Plasmolipin (Plasmolipin) Family","Ion Channels","1.A.64"
"NP_598739","CKLF-like MARVEL transmembrane domain-containing protein 7","","Plasmolipin","The Plasmolipin (Plasmolipin) Family","Ion Channels","1.A.64"
"NP_663507","myeloid-associated differentiation marker","","Plasmolipin","The Plasmolipin (Plasmolipin) Family","Ion Channels","1.A.64"
"NP_705810","CKLF-like MARVEL transmembrane domain-containing protein 4","","Plasmolipin","The Plasmolipin (Plasmolipin) Family","Ion Channels","1.A.64"
"NP_849251","myeloid-associated differentiation marker","","Plasmolipin","The Plasmolipin (Plasmolipin) Family","Ion Channels","1.A.64"
"XP_001477034","CKLF-like MARVEL transmembrane domain-containing protein 3","","Plasmolipin","The Plasmolipin (Plasmolipin) Family","Ion Channels","1.A.64"
"XP_922439","myeloid-associated differentiation marker","","Plasmolipin","The Plasmolipin (Plasmolipin) Family","Ion Channels","1.A.64"
"XP_126634","myeloid-associated differentiation marker","","Plasmolipin","The Plasmolipin (Plasmolipin) Family","Ion Channels","1.A.64"
"XP_141845","Synaptophysin-like protein 1 (Pantophysin)","","Plasmolipin","The Plasmolipin (Plasmolipin) Family","Ion Channels","1.A.64"
"NP_075618","Phospholamban calcium ion channel","","PLB","The Phospholamban (Ca2+-channel and Ca2+-ATPase Regulator) (PLB) Family","Ion Channels","1.A.50"
"NP_079816","Sarcolipin calcium ion channel","","PLB","The Phospholamban (Ca2+-channel and Ca2+-ATPase Regulator) (PLB) Family","Ion Channels","1.A.50"
"NP_031529","sodium/potassium-transporting ATPase gamma subunit","","PLM","The Phospholemman (PLM) Family","Ion Channels","1.A.27"
"NP_439888","sodium/potassium-transporting ATPase gamma subunit","","PLM","The Phospholemman (PLM) Family","Ion Channels","1.A.27"
"NP_032583","Phospholemman anion channel","","PLM","The Phospholemman (PLM) Family","Ion Channels","1.A.27"
"NP_032787","Phospholemman anion channel","","PLM","The Phospholemman (PLM) Family","Ion Channels","1.A.27"
"NP_062376","Phospholemman anion channel","","PLM","The Phospholemman (PLM) Family","Ion Channels","1.A.27"
"NP_919302","Phospholemman anion channel","","PLM","The Phospholemman (PLM) Family","Ion Channels","1.A.27"
"NP_443717","Phospholemman anion channel","","PLM","The Phospholemman (PLM) Family","Ion Channels","1.A.27"
"NP_443718","Phospholemman anion channel","","PLM","The Phospholemman (PLM) Family","Ion Channels","1.A.27"
"NP_071287","Phospholemman anion channel","","PLM","The Phospholemman (PLM) Family","Ion Channels","1.A.27"
"NP_071290","Phospholemman anion channel","","PLM","The Phospholemman (PLM) Family","Ion Channels","1.A.27"
"NP_387468","Phospholemman anion channel","","PLM","The Phospholemman (PLM) Family","Ion Channels","1.A.27"
"NP_032969","Presenilin calcium ion leak channel (Presenilin-1)","","Presenilin","The Presenilin ER Ca2+ Leak Channel (Presenilin) Family","Ion Channels","1.A.54"
"NP_035313","Presenilin calcium ion leak channel (Presenilin-2)","","Presenilin","The Presenilin ER Ca2+ Leak Channel (Presenilin) Family","Ion Channels","1.A.54"
"NP_033135","ryanodine receptor calcium ion channel type 1","","RIR-CaC","The Ryanodine-Inositol 1,4,5-triphosphate Receptor Ca2+ Channel (RIR-CaC) Family","Ion Channels","1.A.3"
"NP_034715","inositol 145-triphosphate receptor calcium ion channel type 1","","RIR-CaC","The Ryanodine-Inositol 1,4,5-triphosphate Receptor Ca2+ Channel (RIR-CaC) Family","Ion Channels","1.A.3"
"NP_034716","inositol 145-triphosphate receptor calcium ion channel type 2","","RIR-CaC","The Ryanodine-Inositol 1,4,5-triphosphate Receptor Ca2+ Channel (RIR-CaC) Family","Ion Channels","1.A.3"
"NP_064307","inositol 145-triphosphate receptor calcium ion channel type 2","","RIR-CaC","The Ryanodine-Inositol 1,4,5-triphosphate Receptor Ca2+ Channel (RIR-CaC) Family","Ion Channels","1.A.3"
"NP_076357","ryanodine receptor calcium ion channel type 2","","RIR-CaC","The Ryanodine-Inositol 1,4,5-triphosphate Receptor Ca2+ Channel (RIR-CaC) Family","Ion Channels","1.A.3"
"NP_542120","inositol 145-triphosphate receptor calcium ion channel type 3","","RIR-CaC","The Ryanodine-Inositol 1,4,5-triphosphate Receptor Ca2+ Channel (RIR-CaC) Family","Ion Channels","1.A.3"
"NP_808320","ryanodine receptor calcium ion channel type 3","","RIR-CaC","The Ryanodine-Inositol 1,4,5-triphosphate Receptor Ca2+ Channel (RIR-CaC) Family","Ion Channels","1.A.3"
"NP_082329","trimeric intracellular cation channel type B (TRIC-B)","","TRIC","The Homotrimeric Cation Channel (TRIC) Family","Ion Channels","1.A.62"
"NP_653117","trimeric intracellular cation channel type A (TRIC-A)","","TRIC","The Homotrimeric Cation Channel (TRIC) Family","Ion Channels","1.A.62"
"NP_001001445","transient receptor potential cation channel subfamily V member 1","","TRP-CC","The Transient Receptor Potential Ca2+ Channel (TRP-CC) Family","Ion Channels","1.A.4"
"NP_001007573","transient receptor potential calcium channel subfamily V member 5","","TRP-CC","The Transient Receptor Potential Ca2+ Channel (TRP-CC) Family","Ion Channels","1.A.4"
"NP_001030317","transient receptor potential Mg/Ca channel subfamily M member 3","","TRP-CC","The Transient Receptor Potential Ca2+ Channel (TRP-CC) Family","Ion Channels","1.A.4"
"NP_001030320","transient receptor potential Mg/Ca channel subfamily M member 3","","TRP-CC","The Transient Receptor Potential Ca2+ Channel (TRP-CC) Family","Ion Channels","1.A.4"
"NP_796315","transient receptor potential Mg/Ca channel subfamily M member 3","","TRP-CC","The Transient Receptor Potential Ca2+ Channel (TRP-CC) Family","Ion Channels","1.A.4"
"NP_001030321","transient receptor potential Mg/Ca channel subfamily M member 3","","TRP-CC","The Transient Receptor Potential Ca2+ Channel (TRP-CC) Family","Ion Channels","1.A.4"
"NP_001030318","transient receptor potential Mg/Ca channel subfamily M member 3","","TRP-CC","The Transient Receptor Potential Ca2+ Channel (TRP-CC) Family","Ion Channels","1.A.4"
"NP_001030316","transient receptor potential Mg/Ca channel subfamily M member 3","","TRP-CC","The Transient Receptor Potential Ca2+ Channel (TRP-CC) Family","Ion Channels","1.A.4"
"NP_001030319","transient receptor potential Mg/Ca channel subfamily M member 3","","TRP-CC","The Transient Receptor Potential Ca2+ Channel (TRP-CC) Family","Ion Channels","1.A.4"
"NP_033454","short transient receptor potential calcium channel 5","","TRP-CC","The Transient Receptor Potential Ca2+ Channel (TRP-CC) Family","Ion Channels","1.A.4"
"NP_035773","short transient receptor potential calcium channel 1","","TRP-CC","The Transient Receptor Potential Ca2+ Channel (TRP-CC) Family","Ion Channels","1.A.4"
"NP_035774","short transient receptor potential calcium channel 2","","TRP-CC","The Transient Receptor Potential Ca2+ Channel (TRP-CC) Family","Ion Channels","1.A.4"
"NP_035836","transient receptor potential cation channel subfamily V member 2","","TRP-CC","The Transient Receptor Potential Ca2+ Channel (TRP-CC) Family","Ion Channels","1.A.4"
"NP_036165","short transient receptor potential cation channel 7","","TRP-CC","The Transient Receptor Potential Ca2+ Channel (TRP-CC) Family","Ion Channels","1.A.4"
"NP_038866","short transient receptor potential cation channel 6","","TRP-CC","The Transient Receptor Potential Ca2+ Channel (TRP-CC) Family","Ion Channels","1.A.4"
"NP_058680","short transient receptor potential cation channel 4","","TRP-CC","The Transient Receptor Potential Ca2+ Channel (TRP-CC) Family","Ion Channels","1.A.4"
"NP_061222","transient receptor potential cation channel subfamily M member 1","","TRP-CC","The Transient Receptor Potential Ca2+ Channel (TRP-CC) Family","Ion Channels","1.A.4"
"NP_062383","short transient receptor potential cation channel 3","","TRP-CC","The Transient Receptor Potential Ca2+ Channel (TRP-CC) Family","Ion Channels","1.A.4"
"NP_064673","transient receptor potential cation channel subfamily M member 5","","TRP-CC","The Transient Receptor Potential Ca2+ Channel (TRP-CC) Family","Ion Channels","1.A.4"
"NP_067425","transient receptor potential Mg/Ca channel subfamily M member 7","","TRP-CC","The Transient Receptor Potential Ca2+ Channel (TRP-CC) Family","Ion Channels","1.A.4"
"NP_071300","transient receptor potential cation channel subfamily V member 4","","TRP-CC","The Transient Receptor Potential Ca2+ Channel (TRP-CC) Family","Ion Channels","1.A.4"
"NP_071858","transient receptor potential cation channel subfamily V member 6","","TRP-CC","The Transient Receptor Potential Ca2+ Channel (TRP-CC) Family","Ion Channels","1.A.4"
"NP_599013","transient receptor potential cation channel subfamily M member 8","","TRP-CC","The Transient Receptor Potential Ca2+ Channel (TRP-CC) Family","Ion Channels","1.A.4"
"NP_612174","transient receptor potential cation channel subfamily M member 2","","TRP-CC","The Transient Receptor Potential Ca2+ Channel (TRP-CC) Family","Ion Channels","1.A.4"
"NP_659567","transient receptor potential cation channel subfamily V member 3","","TRP-CC","The Transient Receptor Potential Ca2+ Channel (TRP-CC) Family","Ion Channels","1.A.4"
"NP_700466","transient receptor potential cation channel subfamily M member 6 (non-selective channel kinase)","","TRP-CC","The Transient Receptor Potential Ca2+ Channel (TRP-CC) Family","Ion Channels","1.A.4"
"NP_780339","transient receptor potential cation channel subfamily M member 4","","TRP-CC","The Transient Receptor Potential Ca2+ Channel (TRP-CC) Family","Ion Channels","1.A.4"
"XP_001473353","short transient receptor potential cation channel 2","","TRP-CC","The Transient Receptor Potential Ca2+ Channel (TRP-CC) Family","Ion Channels","1.A.4"
"NP_001001454","Tweety anion channel","","Tweety","The Anion Channel Tweety (Tweety) Family","Ion Channels","1.A.48"
"NP_067299","Tweety anion channel","","Tweety","The Anion Channel Tweety (Tweety) Family","Ion Channels","1.A.48"
"NP_444503","Tweety anion channel","","Tweety","The Anion Channel Tweety (Tweety) Family","Ion Channels","1.A.48"
"NP_780483","Tweety anion channel","","Tweety","The Anion Channel Tweety (Tweety) Family","Ion Channels","1.A.48"
"XP_001472646","Tweety anion channel","","Tweety","The Anion Channel Tweety (Tweety) Family","Ion Channels","1.A.48"
"NP_082398","urea","","UT","The Urea Transporter (UT) Family","Ion Channels","1.A.28"
"NP_109608","urea","","UT","The Urea Transporter (UT) Family","Ion Channels","1.A.28"
"NP_997534","urea","","UT","The Urea Transporter (UT) Family","Ion Channels","1.A.28"
"XP_001474352","urea","","UT","The Urea Transporter (UT) Family","Ion Channels","1.A.28"
"XP_992376","urea","","UT","The Urea Transporter (UT) Family","Ion Channels","1.A.28"
"NP_001006676","potassium ion channel subfamily KQT member 2","","VIC","The Voltage-gated Ion Channel (VIC) Superfamily","Ion Channels","1.A.1"
"NP_001003824","potassium ion channel subfamily KQT member 2","","VIC","The Voltage-gated Ion Channel (VIC) Superfamily","Ion Channels","1.A.1"
"NP_001006677","potassium ion channel subfamily KQT member 2","","VIC","The Voltage-gated Ion Channel (VIC) Superfamily","Ion Channels","1.A.1"
"NP_001003825","potassium ion channel subfamily KQT member 2","","VIC","The Voltage-gated Ion Channel (VIC) Superfamily","Ion Channels","1.A.1"
"NP_001006678","potassium ion channel subfamily KQT member 2","","VIC","The Voltage-gated Ion Channel (VIC) Superfamily","Ion Channels","1.A.1"
"NP_001006679","potassium ion channel subfamily KQT member 2","","VIC","The Voltage-gated Ion Channel (VIC) Superfamily","Ion Channels","1.A.1"
"NP_034741","potassium ion channel subfamily KQT member 2","","VIC","The Voltage-gated Ion Channel (VIC) Superfamily","Ion Channels","1.A.1"
"NP_001006669","potassium ion channel subfamily KQT member 2","","VIC","The Voltage-gated Ion Channel (VIC) Superfamily","Ion Channels","1.A.1"
"NP_001006680","potassium ion channel subfamily KQT member 2","","VIC","The Voltage-gated Ion Channel (VIC) Superfamily","Ion Channels","1.A.1"
"NP_001006670","potassium ion channel subfamily KQT member 2","","VIC","The Voltage-gated Ion Channel (VIC) Superfamily","Ion Channels","1.A.1"
"NP_001006681","potassium ion channel subfamily KQT member 2","","VIC","The Voltage-gated Ion Channel (VIC) Superfamily","Ion Channels","1.A.1"
"NP_001006675","potassium ion channel subfamily KQT member 2","","VIC","The Voltage-gated Ion Channel (VIC) Superfamily","Ion Channels","1.A.1"
"NP_001020752","potassium ion channel Shaw-related subfamily member 2","","VIC","The Voltage-gated Ion Channel (VIC) Superfamily","Ion Channels","1.A.1"
"NP_001025463","potassium ion channel subfamily K member 15","","VIC","The Voltage-gated Ion Channel (VIC) Superfamily","Ion Channels","1.A.1"
"NP_001026981","potassium ion channel subfamily H member 8","","VIC","The Voltage-gated Ion Channel (VIC) Superfamily","Ion Channels","1.A.1"
"NP_001028489","potassium ion channel cyclic nucleotide gated channel alpha 4","","VIC","The Voltage-gated Ion Channel (VIC) Superfamily","Ion Channels","1.A.1"
"NP_001028697","potassium inwardly-rectifying channel subfamily K member 6","","VIC","The Voltage-gated Ion Channel (VIC) Superfamily","Ion Channels","1.A.1"
"NP_001029048","potassium ion channel subfamily K member 9","","VIC","The Voltage-gated Ion Channel (VIC) Superfamily","Ion Channels","1.A.1"
"NP_001032801","potassium ion channel subfamily H member 6","","VIC","The Voltage-gated Ion Channel (VIC) Superfamily","Ion Channels","1.A.1"
"NP_001033696","potassium ion channel subfamily H member 1","","VIC","The Voltage-gated Ion Channel (VIC) Superfamily","Ion Channels","1.A.1"
"NP_034730","potassium ion channel subfamily H member 1","","VIC","The Voltage-gated Ion Channel (VIC) Superfamily","Ion Channels","1.A.1"
"NP_064315","potassium ion channel Shal-related family member 3","","VIC","The Voltage-gated Ion Channel (VIC) Superfamily","Ion Channels","1.A.1"
"NP_001034436","potassium ion channel Shal-related family member 3","","VIC","The Voltage-gated Ion Channel (VIC) Superfamily","Ion Channels","1.A.1"
"NP_001037773","T-type calcium ion channel alpha 1I subunit","","VIC","The Voltage-gated Ion Channel (VIC) Superfamily","Ion Channels","1.A.1"
"NP_001070967","sodium ion channel type VIII alpha subunit","","VIC","The Voltage-gated Ion Channel (VIC) Superfamily","Ion Channels","1.A.1"
"NP_001074492","L-type calcium channel alpha 1S subunit","","VIC","The Voltage-gated Ion Channel (VIC) Superfamily","Ion Channels","1.A.1"
"NP_001074496","potassium ion channel subfamily T member 2","","VIC","The Voltage-gated Ion Channel (VIC) Superfamily","Ion Channels","1.A.1"
"NP_001074603","potassium ion channel subfamily G member 1","","VIC","The Voltage-gated Ion Channel (VIC) Superfamily","Ion Channels","1.A.1"
"NP_001074609","potassium ion channel shaker-related subfamily A member 10","","VIC","The Voltage-gated Ion Channel (VIC) Superfamily","Ion Channels","1.A.1"
"NP_001074611","potassium ion channel subfamily KQT member 4","","VIC","The Voltage-gated Ion Channel (VIC) Superfamily","Ion Channels","1.A.1"
"NP_001074661","potassium/sodium hyperpolarization-activated cyclic nucleotide-gatedchannel 4","","VIC","The Voltage-gated Ion Channel (VIC) Superfamily","Ion Channels","1.A.1"
"NP_001074663","potassium ion channel subfamily H member 4","","VIC","The Voltage-gated Ion Channel (VIC) Superfamily","Ion Channels","1.A.1"
"NP_001077085","L-type calcium ion channel alpha 1D subunit","","VIC","The Voltage-gated Ion Channel (VIC) Superfamily","Ion Channels","1.A.1"
"NP_083257","L-type calcium ion channel alpha 1D subunit","","VIC","The Voltage-gated Ion Channel (VIC) Superfamily","Ion Channels","1.A.1"
"NP_031604","P/Q-type calcium potassium ion channel subunit alpha 1A","","VIC","The Voltage-gated Ion Channel (VIC) Superfamily","Ion Channels","1.A.1"
"NP_001035993","N-type calcium ion channel alpha 1B subunit","","VIC","The Voltage-gated Ion Channel (VIC) Superfamily","Ion Channels","1.A.1"
"NP_031605","N-type calcium ion channel alpha 1B subunit","","VIC","The Voltage-gated Ion Channel (VIC) Superfamily","Ion Channels","1.A.1"
"NP_031749","cGMP-gated cation channel alpha 1 (CNG channel alpha 1)","","VIC","The Voltage-gated Ion Channel (VIC) Superfamily","Ion Channels","1.A.1"
"NP_031750","cyclic nucleotide-gated cation channel (CNG channel 2)","","VIC","The Voltage-gated Ion Channel (VIC) Superfamily","Ion Channels","1.A.1"
"NP_032252","potassium/sodium hyperpolarization-activated cyclic nucleotide-gatedchannel 2","","VIC","The Voltage-gated Ion Channel (VIC) Superfamily","Ion Channels","1.A.1"
"NP_032253","potassium/sodium hyperpolarization-activated cyclic nucleotide-gatedchannel 3","","VIC","The Voltage-gated Ion Channel (VIC) Superfamily","Ion Channels","1.A.1"
"NP_032443","potassium ion channel subfamily A member 2","","VIC","The Voltage-gated Ion Channel (VIC) Superfamily","Ion Channels","1.A.1"
"NP_032444","potassium ion channel subfamily A member 3","","VIC","The Voltage-gated Ion Channel (VIC) Superfamily","Ion Channels","1.A.1"
"NP_032446","potassium ion channel Shab-related subfamily member 1","","VIC","The Voltage-gated Ion Channel (VIC) Superfamily","Ion Channels","1.A.1"
"NP_032447","potassium ion channel subfamily C member 1","","VIC","The Voltage-gated Ion Channel (VIC) Superfamily","Ion Channels","1.A.1"
"NP_032448","potassium ion channel Shaw-related subfamily member 3","","VIC","The Voltage-gated Ion Channel (VIC) Superfamily","Ion Channels","1.A.1"
"NP_032449","potassium ion channel subfamily D member 1","","VIC","The Voltage-gated Ion Channel (VIC) Superfamily","Ion Channels","1.A.1"
"NP_032456","inward rectifying potassium ion channel subfamily K member 1","","VIC","The Voltage-gated Ion Channel (VIC) Superfamily","Ion Channels","1.A.1"
"NP_032457","potassium ion channel subfamily K member 4","","VIC","The Voltage-gated Ion Channel (VIC) Superfamily","Ion Channels","1.A.1"
"NP_032458","potassium ion channel subfamily U member 1","","VIC","The Voltage-gated Ion Channel (VIC) Superfamily","Ion Channels","1.A.1"
"NP_032459","intermediate conductance calcium-activated potassium ion channel protein 1","","VIC","The Voltage-gated Ion Channel (VIC) Superfamily","Ion Channels","1.A.1"
"NP_032461","potassium ion channel subfamily S member 1","","VIC","The Voltage-gated Ion Channel (VIC) Superfamily","Ion Channels","1.A.1"
"NP_033160","sodium ion channel type X alpha subunit","","VIC","The Voltage-gated Ion Channel (VIC) Superfamily","Ion Channels","1.A.1"
"NP_033161","sodium ion channel type VII alpha subunit","","VIC","The Voltage-gated Ion Channel (VIC) Superfamily","Ion Channels","1.A.1"
"NP_033911","L-type calcium ion channel alpha 1C subunit","","VIC","The Voltage-gated Ion Channel (VIC) Superfamily","Ion Channels","1.A.1"
"NP_033912","R-type calcium ion channel alpha 1E subunit","","VIC","The Voltage-gated Ion Channel (VIC) Superfamily","Ion Channels","1.A.1"
"NP_033913","T type calcium ion channel  alpha 1G subunit","","VIC","The Voltage-gated Ion Channel (VIC) Superfamily","Ion Channels","1.A.1"
"NP_034048","cyclic nucleotide-gated cation channel alpha 3 (CNG channel alpha 3)","","VIC","The Voltage-gated Ion Channel (VIC) Superfamily","Ion Channels","1.A.1"
"NP_034538","potassium/sodium hyperpolarization-activated cyclic nucleotide-gatedchannel 1","","VIC","The Voltage-gated Ion Channel (VIC) Superfamily","Ion Channels","1.A.1"
"NP_034725","potassium ion channel subfamily A member 1","","VIC","The Voltage-gated Ion Channel (VIC) Superfamily","Ion Channels","1.A.1"
"NP_034726","potassium ion channel subfamily A member 7","","VIC","The Voltage-gated Ion Channel (VIC) Superfamily","Ion Channels","1.A.1"
"NP_034731","potassium ion channel subfamily H member 3","","VIC","The Voltage-gated Ion Channel (VIC) Superfamily","Ion Channels","1.A.1"
"NP_034737","potassium ion channel subfamily K member 2","","VIC","The Voltage-gated Ion Channel (VIC) Superfamily","Ion Channels","1.A.1"
"NP_034738","potassium ion channel subfamily K member 3","","VIC","The Voltage-gated Ion Channel (VIC) Superfamily","Ion Channels","1.A.1"
"NP_034739","potassium ion channel subfamily K member 7","","VIC","The Voltage-gated Ion Channel (VIC) Superfamily","Ion Channels","1.A.1"
"NP_001004138","potassium ion channel subfamily K member 7","","VIC","The Voltage-gated Ion Channel (VIC) Superfamily","Ion Channels","1.A.1"
"NP_034740","large conductance calcium-activated potassium channel subfamily M alpha member 1","","VIC","The Voltage-gated Ion Channel (VIC) Superfamily","Ion Channels","1.A.1"
"NP_036017","sodium ion channel type XI alpha subunit","","VIC","The Voltage-gated Ion Channel (VIC) Superfamily","Ion Channels","1.A.1"
"NP_038596","potassium ion channel subfamily A member 6","","VIC","The Voltage-gated Ion Channel (VIC) Superfamily","Ion Channels","1.A.1"
"NP_038597","potassium ion channel subfamily H member 2","","VIC","The Voltage-gated Ion Channel (VIC) Superfamily","Ion Channels","1.A.1"
"NP_061202","soidum ion channel type III alpha","","VIC","The Voltage-gated Ion Channel (VIC) Superfamily","Ion Channels","1.A.1"
"NP_061203","sodium ion channel type I alpha subunit","","VIC","The Voltage-gated Ion Channel (VIC) Superfamily","Ion Channels","1.A.1"
"NP_061340","sodium ion channel type IX alpha subunit","","VIC","The Voltage-gated Ion Channel (VIC) Superfamily","Ion Channels","1.A.1"
"NP_062528","L-type calcium ion channel subunit alpha-1F","","VIC","The Voltage-gated Ion Channel (VIC) Superfamily","Ion Channels","1.A.1"
"NP_062671","potassium ion channel subfamily D member 2","","VIC","The Voltage-gated Ion Channel (VIC) Superfamily","Ion Channels","1.A.1"
"NP_067250","potassium ion channel subfamily A member 4","","VIC","The Voltage-gated Ion Channel (VIC) Superfamily","Ion Channels","1.A.1"
"NP_067390","T-type calcium ion channel subunit alpha-1H","","VIC","The Voltage-gated Ion Channel (VIC) Superfamily","Ion Channels","1.A.1"
"NP_067517","potassium ion channel subfamily K member 5","","VIC","The Voltage-gated Ion Channel (VIC) Superfamily","Ion Channels","1.A.1"
"NP_067519","sodium ion channel type V alpha subunit","","VIC","The Voltage-gated Ion Channel (VIC) Superfamily","Ion Channels","1.A.1"
"NP_076361","potassium ion channel subfamily KQT member 5","","VIC","The Voltage-gated Ion Channel (VIC) Superfamily","Ion Channels","1.A.1"
"NP_080010","potassium ion channel subfamily G member 4","","VIC","The Voltage-gated Ion Channel (VIC) Superfamily","Ion Channels","1.A.1"
"NP_080476","potassium ion channel subfamily V member 1","","VIC","The Voltage-gated Ion Channel (VIC) Superfamily","Ion Channels","1.A.1"
"NP_084187","potassium ion channel subfamily K member 10","","VIC","The Voltage-gated Ion Channel (VIC) Superfamily","Ion Channels","1.A.1"
"NP_115773","small conductance calcium-activated potassium channel  subfamily N member 1","","VIC","The Voltage-gated Ion Channel (VIC) Superfamily","Ion Channels","1.A.1"
"NP_536713","small conductance calcium-activated potassium channel subfamily N member 2","","VIC","The Voltage-gated Ion Channel (VIC) Superfamily","Ion Channels","1.A.1"
"NP_536714","small conductance calcium-activated potassium channel subfamily N member 3","","VIC","The Voltage-gated Ion Channel (VIC) Superfamily","Ion Channels","1.A.1"
"NP_573462","sodium ion channel type IV alpha subunit","","VIC","The Voltage-gated Ion Channel (VIC) Superfamily","Ion Channels","1.A.1"
"NP_573470","potassium ion channel subfamily H member 7","","VIC","The Voltage-gated Ion Channel (VIC) Superfamily","Ion Channels","1.A.1"
"NP_665852","two pore calcium channel protein 1","","VIC","The Voltage-gated Ion Channel (VIC) Superfamily","Ion Channels","1.A.1"
"NP_666034","potassium ion channel subfamily C member 4 (Shaw-related)","","VIC","The Voltage-gated Ion Channel (VIC) Superfamily","Ion Channels","1.A.1"
"NP_666095","potassium ion channel shaker-related subfamily A member 5","","VIC","The Voltage-gated Ion Channel (VIC) Superfamily","Ion Channels","1.A.1"
"NP_666149","potassium ion channel subfamily K member 13","","VIC","The Voltage-gated Ion Channel (VIC) Superfamily","Ion Channels","1.A.1"
"NP_666318","two pore calcium channel protein 2","","VIC","The Voltage-gated Ion Channel (VIC) Superfamily","Ion Channels","1.A.1"
"NP_690887","potassium ion channel subfamily KQT member 3","","VIC","The Voltage-gated Ion Channel (VIC) Superfamily","Ion Channels","1.A.1"
"NP_705732","potassium ion channel subfamily G member 3","","VIC","The Voltage-gated Ion Channel (VIC) Superfamily","Ion Channels","1.A.1"
"NP_775593","potassium ion channel subfamily S member 3","","VIC","The Voltage-gated Ion Channel (VIC) Superfamily","Ion Channels","1.A.1"
"NP_780671","potassium ion channel subfamily T member 1","","VIC","The Voltage-gated Ion Channel (VIC) Superfamily","Ion Channels","1.A.1"
"NP_796367","cation channel","","VIC","The Voltage-gated Ion Channel (VIC) Superfamily","Ion Channels","1.A.1"
"NP_851834","potassium ion channel subfamily S member 2","","VIC","The Voltage-gated Ion Channel (VIC) Superfamily","Ion Channels","1.A.1"
"NP_899002","potassium ion channel subfamily V member 2","","VIC","The Voltage-gated Ion Channel (VIC) Superfamily","Ion Channels","1.A.1"
"NP_954859","potassium ion channel subfamily K member 12","","VIC","The Voltage-gated Ion Channel (VIC) Superfamily","Ion Channels","1.A.1"
"NP_963289","potassium ion channel subfamily F member 1","","VIC","The Voltage-gated Ion Channel (VIC) Superfamily","Ion Channels","1.A.1"
"NP_997144","potassium ion channel subfamily K member 18 (two-pore domain potassium channel TRESK-1)","","VIC","The Voltage-gated Ion Channel (VIC) Superfamily","Ion Channels","1.A.1"
"XP_001472920","sodium ion channel type II alpha subunit","","VIC","The Voltage-gated Ion Channel (VIC) Superfamily","Ion Channels","1.A.1"
"XP_001472940","sodium ion channel type II alpha subunit","","VIC","The Voltage-gated Ion Channel (VIC) Superfamily","Ion Channels","1.A.1"
"XP_001472961","sodium ion channel type II alpha subunit","","VIC","The Voltage-gated Ion Channel (VIC) Superfamily","Ion Channels","1.A.1"
"XP_001472979","sodium ion channel type II alpha subunit","","VIC","The Voltage-gated Ion Channel (VIC) Superfamily","Ion Channels","1.A.1"
"XP_985424","sodium ion channel type II alpha subunit","","VIC","The Voltage-gated Ion Channel (VIC) Superfamily","Ion Channels","1.A.1"
"XP_001472905","sodium ion channel type II alpha subunit","","VIC","The Voltage-gated Ion Channel (VIC) Superfamily","Ion Channels","1.A.1"
"XP_001473646","potassium ion channel subfamily B member 2 (Shab-related)","","VIC","The Voltage-gated Ion Channel (VIC) Superfamily","Ion Channels","1.A.1"
"XP_001473854","potassium ion channel subfamily B member 2 (Shab-related)","","VIC","The Voltage-gated Ion Channel (VIC) Superfamily","Ion Channels","1.A.1"
"XP_001475081","potassium ion channel subfamily K member 15","","VIC","The Voltage-gated Ion Channel (VIC) Superfamily","Ion Channels","1.A.1"
"XP_001477398","potassium ion channel subfamily H member 2","","VIC","The Voltage-gated Ion Channel (VIC) Superfamily","Ion Channels","1.A.1"
"XP_140499","potassium ion channel subfamily G member 2","","VIC","The Voltage-gated Ion Channel (VIC) Superfamily","Ion Channels","1.A.1"
"XP_138942","potassium ion channel subfamily K member 16","","VIC","The Voltage-gated Ion Channel (VIC) Superfamily","Ion Channels","1.A.1"
"XP_912255","potassium ion channel subfamily K member 16","","VIC","The Voltage-gated Ion Channel (VIC) Superfamily","Ion Channels","1.A.1"
"NP_038812","ATP release protein MCD4","","ATP-E","The ATP Exporter (ATP-E) Family","Unclassified","9.A.6"
"NP_758461","dsRNA transporter SID-1","","dsRNA-T","The Double Stranded RNA Transporter (dsRNA-T) Family","Unclassified","9.A.24"
"NP_932151","dsRNA transporter SID-1","","dsRNA-T","The Double Stranded RNA Transporter (dsRNA-T) Family","Unclassified","9.A.24"
"NP_058613","ferrous ion export (Ferroportin1)","","FP","The Ferroportin (FP) Family","Unclassified","9.A.23"
"NP_444416","heavy metal ion (Cyclin-M3)","","HCC","The HlyC/CorC (HCC) Family","Unclassified","9.A.40"
"NP_001034640","heavy metal ion (Cyclin-M3)","","HCC","The HlyC/CorC (HCC) Family","Unclassified","9.A.40"
"NP_113573","heavy metal ion (Cyclin-M1)","","HCC","The HlyC/CorC (HCC) Family","Unclassified","9.A.40"
"NP_291047","heavy metal ion (Cyclin-M2)","","HCC","The HlyC/CorC (HCC) Family","Unclassified","9.A.40"
"NP_291048","heavy metal ion (Cyclin-M4)","","HCC","The HlyC/CorC (HCC) Family","Unclassified","9.A.40"
"NP_034815","lysosome-associated membrane glycoprotein 2","","LPI","The Lysosomal Protein Import (LPI) Family","Unclassified","9.A.16"
"NP_001017959","lysosome-associated membrane glycoprotein 2","","LPI","The Lysosomal Protein Import (LPI) Family","Unclassified","9.A.16"
"NP_033983","lysosomal protein import","","LPI","The Lysosomal Protein Import (LPI) Family","Unclassified","9.A.16"
"NP_034814","lysosome-associated membrane glycoprotein 1","","LPI","The Lysosomal Protein Import (LPI) Family","Unclassified","9.A.16"
"NP_796330","lysosome-associated membrane glycoprotein 3","","LPI","The Lysosomal Protein Import (LPI) Family","Unclassified","9.A.16"
"NP_080228","magnesium ion","","MagT1","The Magnesium Transporter1 (MagT1) Family","Unclassified","9.A.45"
"NP_084530","magnesium ion (Protein N33)","","MagT1","The Magnesium Transporter1 (MagT1) Family","Unclassified","9.A.45"
"NP_001032570","magnesium ion","","MgtE","The Mg2+ Transporter-E (MgtE) Family","Unclassified","9.A.19"
"NP_082144","magnesium ion","","MgtE","The Mg2+ Transporter-E (MgtE) Family","Unclassified","9.A.19"
"NP_776290","magnesium ion","","MgtE","The Mg2+ Transporter-E (MgtE) Family","Unclassified","9.A.19"
"NP_796362","magnesium ion","","MgtE","The Mg2+ Transporter-E (MgtE) Family","Unclassified","9.A.19"
"NP_033093","RalA binding protein 1 (RalBP1/RLIP76) multidrug exporter","","N-MDE","The Non ABC Multidrug Exporter (N-MDE) Family","Unclassified","9.A.1"
"NP_001074674","magnesium ion uptake (non-imprinted in Prader-Willi/Angelman syndrome region protein 1)","","NIPA","The NIPA Mg2+ Uptake Permease (NIPA) Family","Unclassified","9.A.35"
"NP_076136","magnesium ion uptake (non-imprinted in Prader-Willi/Angelman syndrome region protein 2)","","NIPA","The NIPA Mg2+ Uptake Permease (NIPA) Family","Unclassified","9.A.35"
"NP_083271","magnesium ion uptake (non-imprinted in Prader-Willi/Angelman syndrome region protein 3)","","NIPA","The NIPA Mg2+ Uptake Permease (NIPA) Family","Unclassified","9.A.35"
"NP_663444","magnesium ion uptake (non-imprinted in Prader-Willi/Angelman syndrome region protein 2)","","NIPA","The NIPA Mg2+ Uptake Permease (NIPA) Family","Unclassified","9.A.35"
"NP_705806","magnesium ion uptake (non-imprinted in Prader-Willi/Angelman syndrome region protein 1)","","NIPA","The NIPA Mg2+ Uptake Permease (NIPA) Family","Unclassified","9.A.35"
"NP_766112","magnesium ion uptake (ichthyin (ICHN) austosomal recessive congeital ichthyosis (ARCI) disease prote","","NIPA","The NIPA Mg2+ Uptake Permease (NIPA) Family","Unclassified","9.A.35"
"XP_001479446","magnesium ion uptake (non-imprinted in Prader-Willi/Angelman syndrome region protein 3)","","NIPA","The NIPA Mg2+ Uptake Permease (NIPA) Family","Unclassified","9.A.35"
"NP_001035866","peroxisomal protein import (Pex10)","","PPI","The Peroxisomal Protein Importer (PPI) Family","Unclassified","9.A.5"
"NP_033020","peroxisomal protein import (Pex2)","","PPI","The Peroxisomal Protein Importer (PPI) Family","Unclassified","9.A.5"
"NP_062755","peroxisomal protein import (Pex14)","","PPI","The Peroxisomal Protein Importer (PPI) Family","Unclassified","9.A.5"
"NP_076140","peroxisomal protein import (Pex13)","","PPI","The Peroxisomal Protein Importer (PPI) Family","Unclassified","9.A.5"
"NP_598786","peroxisomal protein import (Pex12)","","PPI","The Peroxisomal Protein Importer (PPI) Family","Unclassified","9.A.5"
"NP_064345","peroxisomal protein import (Pex3)","","PPI2","The Integral Membrane Peroxisomal Protein Importer-2 (PPI2) Family","Unclassified","9.A.17"
"NP_075528","peroxisomal protein import (Pex19)","","PPI2","The Integral Membrane Peroxisomal Protein Importer-2 (PPI2) Family","Unclassified","9.A.17"
"NP_660104","peroxisomal protein import (Pex16)","","PPI2","The Integral Membrane Peroxisomal Protein Importer-2 (PPI2) Family","Unclassified","9.A.17"
